"id","packetSize","interArrival","flowDuration","arrivalTimestamp"
"0","7.714286","2462430.605522","32.011598","2026-04-25 00:00:02.462000"
"1","7.714286","2452583.386348","31.883584","2026-04-25 00:00:04.915000"
"2","7.428571","2471081.000108","32.124053","2026-04-25 00:00:07.386000"
"3","7.428571","2458543.318969","31.961063","2026-04-25 00:00:09.845000"
"4","7.714286","2454027.836139","31.902362","2026-04-25 00:00:12.299000"
"5","7.714286","2451514.317439","31.869686","2026-04-25 00:00:14.750000"
"6","7.714286","2468823.928099","32.094711","2026-04-25 00:00:17.219000"
"7","7.714286","2469539.312216","32.104011","2026-04-25 00:00:19.689000"
"8","7.714286","2463612.849896","32.026967","2026-04-25 00:00:22.152000"
"9","7.714286","2465279.762562","32.048637","2026-04-25 00:00:24.617000"
"10","7.714286","2459773.613856","31.977057","2026-04-25 00:00:27.077000"
"11","7.57142899999999","2458639.071538","31.962308","2026-04-25 00:00:29.536000"
"12","7.57142899999999","2458869.383885","31.965302","2026-04-25 00:00:31.995000"
"13","7.714286","2452702.063781","31.885127","2026-04-25 00:00:34.447000"
"14","7.714286","2455890.618838","31.926578","2026-04-25 00:00:36.903000"
"15","7.714286","2466262.762363","32.0614159999999","2026-04-25 00:00:39.370000"
"16","7.714286","2463469.927128","32.025109","2026-04-25 00:00:41.833000"
"17","7.714286","2454480.538001","31.908247","2026-04-25 00:00:44.288000"
"18","7.714286","2462249.077283","32.009238","2026-04-25 00:00:46.750000"
"19","7.714286","2456191.154627","31.930485","2026-04-25 00:00:49.206000"
"20","7.714286","2465274.774111","32.048572","2026-04-25 00:00:51.671000"
"21","7.714286","2465713.702715","32.054278","2026-04-25 00:00:54.137000"
"22","7.714286","2455924.767714","31.927022","2026-04-25 00:00:56.593000"
"23","7.714286","2464494.081644","32.038423","2026-04-25 00:00:59.057000"
"24","7.714286","2459189.690076","31.969466","2026-04-25 00:01:01.517000"
"25","7.714286","2457706.084618","31.950179","2026-04-25 00:01:03.974000"
"26","7.714286","2465176.0138","32.047288","2026-04-25 00:01:06.439000"
"27","7.714286","2454737.55323","31.911588","2026-04-25 00:01:08.894000"
"28","7.714286","2468824.625015","32.09472","2026-04-25 00:01:11.363000"
"29","7.714286","2469148.397446","32.098929","2026-04-25 00:01:13.832000"
"30","7.428571","2468667.690571","32.09268","2026-04-25 00:01:16.301000"
"31","7.714286","2466506.242752","32.064581","2026-04-25 00:01:18.767000"
"32","7.714286","2467997.459265","32.083967","2026-04-25 00:01:21.235000"
"33","7.714286","2459144.463906","31.968878","2026-04-25 00:01:23.694000"
"34","7.714286","2455593.622648","31.922717","2026-04-25 00:01:26.150000"
"35","7.714286","2465573.530931","32.052456","2026-04-25 00:01:28.616000"
"36","7.714286","2453691.390844","31.897988","2026-04-25 00:01:31.069000"
"37","7.714286","2467359.762925","32.075677","2026-04-25 00:01:33.537000"
"38","7.714286","2453634.610543","31.89725","2026-04-25 00:01:35.990000"
"39","7.714286","2456433.149484","31.933631","2026-04-25 00:01:38.447000"
"40","7.714286","2454427.223939","31.907554","2026-04-25 00:01:40.901000"
"41","7.714286","2456107.322986","31.929395","2026-04-25 00:01:43.357000"
"42","7.714286","2463713.921033","32.028281","2026-04-25 00:01:45.821000"
"43","7.714286","2469161.235369","32.099096","2026-04-25 00:01:48.290000"
"44","7.714286","2460631.535603","31.98821","2026-04-25 00:01:50.751000"
"45","7.714286","2471210.993253","32.125743","2026-04-25 00:01:53.222000"
"46","7.714286","2467241.378931","32.074138","2026-04-25 00:01:55.689000"
"47","7.714286","2468975.855754","32.096686","2026-04-25 00:01:58.158000"
"48","7.714286","2460372.631366","31.984844","2026-04-25 00:02:00.619000"
"49","7.714286","2468218.546647","32.086841","2026-04-25 00:02:03.087000"
"50","7.714286","2460255.769583","31.983325","2026-04-25 00:02:05.547000"
"51","7.714286","2467723.222879","32.080402","2026-04-25 00:02:08.015000"
"52","7.714286","2466820.074962","32.068661","2026-04-25 00:02:10.482000"
"53","7.714286","2458779.078264","31.964128","2026-04-25 00:02:12.940000"
"54","7.714286","2459662.162341","31.975608","2026-04-25 00:02:15.400000"
"55","7.714286","2444865.080026","31.783246","2026-04-25 00:02:17.845000"
"56","7.428571","2461895.704269","32.004644","2026-04-25 00:02:20.307000"
"57","7.428571","2464761.220492","32.041896","2026-04-25 00:02:22.772000"
"58","7.428571","2475080.985289","32.176053","2026-04-25 00:02:25.247000"
"59","7.714286","2468149.753717","32.085947","2026-04-25 00:02:27.715000"
"60","7.428571","2450134.772521","31.851752","2026-04-25 00:02:30.165000"
"61","7.428571","2466580.005792","32.06554","2026-04-25 00:02:32.632000"
"62","7.428571","2468452.765391","32.089886","2026-04-25 00:02:35.100000"
"63","7.714286","2473937.456424","32.161187","2026-04-25 00:02:37.574000"
"64","7.428571","2469752.678504","32.1067849999999","2026-04-25 00:02:40.044000"
"65","7.428571","2447812.924018","31.821568","2026-04-25 00:02:42.491000"
"66","7.714286","2462346.553802","32.010505","2026-04-25 00:02:44.954000"
"67","7.428571","2470077.991486","32.111014","2026-04-25 00:02:47.424000"
"68","7.428571","2456676.299755","31.936792","2026-04-25 00:02:49.881000"
"69","7.428571","2457158.528841","31.943061","2026-04-25 00:02:52.338000"
"70","7.714286","2469585.767159","32.104615","2026-04-25 00:02:54.807000"
"71","7.428571","2475810.83958","32.185541","2026-04-25 00:02:57.283000"
"72","7.428571","2462638.543202","32.014301","2026-04-25 00:02:59.746000"
"73","7.428571","2462146.447255","32.007904","2026-04-25 00:03:02.208000"
"74","7.428571","2459667.774347","31.975681","2026-04-25 00:03:04.668000"
"75","7.428571","2468204.846749","32.086663","2026-04-25 00:03:07.136000"
"76","7.714286","2464570.614008","32.039418","2026-04-25 00:03:09.600000"
"77","7.428571","2459204.306969","31.969656","2026-04-25 00:03:12.060000"
"78","7.714286","2457028.535696","31.941371","2026-04-25 00:03:14.517000"
"79","7.714286","2458356.545522","31.958635","2026-04-25 00:03:16.975000"
"80","7.714286","2454586.836008","31.909629","2026-04-25 00:03:19.430000"
"81","7.714286","2460743.775735","31.989669","2026-04-25 00:03:21.890000"
"82","7.714286","2457361.074594","31.945694","2026-04-25 00:03:24.348000"
"83","7.714286","2454966.691824","31.914567","2026-04-25 00:03:26.803000"
"84","7.714286","2451531.080099","31.869904","2026-04-25 00:03:29.254000"
"85","7.714286","2474477.602885","32.168209","2026-04-25 00:03:31.729000"
"86","7.714286","2463354.459176","32.023608","2026-04-25 00:03:34.192000"
"87","7.714286","2456036.769427","31.928478","2026-04-25 00:03:36.648000"
"88","7.428571","2465403.245046","32.050242","2026-04-25 00:03:39.113000"
"89","7.714286","2455361.549671","31.9197","2026-04-25 00:03:41.569000"
"90","7.714286","2466534.321125","32.064946","2026-04-25 00:03:44.035000"
"91","7.714286","2451795.926461","31.8733469999999","2026-04-25 00:03:46.487000"
"92","7.714286","2452599.397072","31.883792","2026-04-25 00:03:48.940000"
"93","7.714286","2477724.001958","32.210412","2026-04-25 00:03:51.417000"
"94","7.714286","2461306.150143","31.99698","2026-04-25 00:03:53.879000"
"95","7.714286","2459103.309191","31.968343","2026-04-25 00:03:56.338000"
"96","7.714286","2465388.994951","32.050057","2026-04-25 00:03:58.803000"
"97","7.714286","2467328.383372","32.075269","2026-04-25 00:04:01.271000"
"98","7.714286","2460484.688099","31.986301","2026-04-25 00:04:03.731000"
"99","7.714286","2461226.610037","31.995946","2026-04-25 00:04:06.192000"
"100","7.714286","2463706.548397","32.028185","2026-04-25 00:04:08.656000"
"101","7.714286","2473659.295302","32.157571","2026-04-25 00:04:11.130000"
"102","7.714286","2472898.464936","32.14768","2026-04-25 00:04:13.603000"
"103","7.714286","2457435.222772","31.946658","2026-04-25 00:04:16.060000"
"104","7.714286","2467453.534787","32.076896","2026-04-25 00:04:18.527000"
"105","7.714286","2469005.603057","32.0970729999999","2026-04-25 00:04:20.996000"
"106","7.714286","2468490.618926","32.090378","2026-04-25 00:04:23.465000"
"107","7.714286","2457942.925967","31.953258","2026-04-25 00:04:25.923000"
"108","7.714286","2461800.832015","32.003411","2026-04-25 00:04:28.385000"
"109","7.714286","2460158.604842","31.982062","2026-04-25 00:04:30.845000"
"110","7.714286","2460989.768688","31.992867","2026-04-25 00:04:33.306000"
"111","7.714286","2466524.692682","32.064821","2026-04-25 00:04:35.772000"
"112","7.714286","2471630.536593","32.131197","2026-04-25 00:04:38.244000"
"113","7.714286","2454715.69208","31.911304","2026-04-25 00:04:40.699000"
"114","7.714286","2468710.770974","32.09324","2026-04-25 00:04:43.167000"
"115","7.714286","2460593.150212","31.987711","2026-04-25 00:04:45.628000"
"116","7.714286","2463017.151906","32.019223","2026-04-25 00:04:48.091000"
"117","7.714286","2467136.933253","32.07278","2026-04-25 00:04:50.558000"
"118","7.714286","2464059.536274","32.032774","2026-04-25 00:04:53.022000"
"119","7.714286","2467921.385398","32.082978","2026-04-25 00:04:55.490000"
"120","7.714286","2460034.920619","31.980454","2026-04-25 00:04:57.950000"
"121","7.714286","2467263.606878","32.074427","2026-04-25 00:05:00.417000"
"122","7.714286","2465113.548132","32.046476","2026-04-25 00:05:02.883000"
"123","7.714286","2454871.76455","31.913333","2026-04-25 00:05:05.337000"
"124","7.714286","2460684.996385","31.988905","2026-04-25 00:05:07.798000"
"125","7.714286","2471263.683759","32.126428","2026-04-25 00:05:10.269000"
"126","7.714286","2469347.935456","32.101523","2026-04-25 00:05:12.739000"
"127","7.714286","2466342.375829","32.062451","2026-04-25 00:05:15.205000"
"128","7.714286","2456224.698287","31.930921","2026-04-25 00:05:17.661000"
"129","7.714286","2467896.919984","32.08266","2026-04-25 00:05:20.129000"
"130","7.714286","2459310.604976","31.971038","2026-04-25 00:05:22.588000"
"131","7.714286","2467347.21844","32.075514","2026-04-25 00:05:25.056000"
"132","7.714286","2466040.15277","32.058522","2026-04-25 00:05:27.522000"
"133","7.714286","2461440.379803","31.998725","2026-04-25 00:05:29.983000"
"134","7.714286","2459279.848979","31.970638","2026-04-25 00:05:32.443000"
"135","7.714286","2467446.914086","32.0768099999999","2026-04-25 00:05:34.910000"
"136","7.714286","2459472.234433","31.973139","2026-04-25 00:05:37.370000"
"137","7.714286","2455128.39464","31.916669","2026-04-25 00:05:39.825000"
"138","7.714286","2465655.693641","32.053524","2026-04-25 00:05:42.290000"
"139","7.714286","2454588.376559","31.909649","2026-04-25 00:05:44.745000"
"140","7.714286","2469226.397001","32.099943","2026-04-25 00:05:47.214000"
"141","7.714286","2469047.693106","32.09762","2026-04-25 00:05:49.683000"
"142","7.714286","2462275.229968","32.009578","2026-04-25 00:05:52.145000"
"143","7.714286","2458955.764771","31.966425","2026-04-25 00:05:54.604000"
"144","7.714286","2466966.995826","32.070571","2026-04-25 00:05:57.071000"
"145","7.714286","2465328.381612","32.049269","2026-04-25 00:05:59.537000"
"146","7.714286","2454398.687069","31.907183","2026-04-25 00:06:01.991000"
"147","7.714286","2453533.080908","31.89593","2026-04-25 00:06:04.445000"
"148","7.714286","2461087.758725","31.994141","2026-04-25 00:06:06.906000"
"149","7.714286","2458570.315288","31.961414","2026-04-25 00:06:09.364000"
"150","7.714286","2461095.993335","31.994248","2026-04-25 00:06:11.825000"
"151","7.714286","2467830.767998","32.0818","2026-04-25 00:06:14.293000"
"152","7.714286","2454615.391218","31.91","2026-04-25 00:06:16.748000"
"153","7.714286","2459537.542783","31.973988","2026-04-25 00:06:19.207000"
"154","7.714286","2467154.30113","32.073006","2026-04-25 00:06:21.674000"
"155","7.714286","2469239.766781","32.100117","2026-04-25 00:06:24.144000"
"156","7.714286","2472559.708815","32.143276","2026-04-25 00:06:26.616000"
"157","7.714286","2465074.520845","32.045969","2026-04-25 00:06:29.081000"
"158","7.714286","2461633.535532","32.001236","2026-04-25 00:06:31.543000"
"159","7.714286","2456147.854145","31.929922","2026-04-25 00:06:33.999000"
"160","7.714286","2458073.762747","31.954959","2026-04-25 00:06:36.457000"
"161","7.714286","2466935.084416","32.070156","2026-04-25 00:06:38.924000"
"162","7.714286","2462437.317922","32.011685","2026-04-25 00:06:41.387000"
"163","7.714286","2461159.779475","31.995077","2026-04-25 00:06:43.848000"
"164","7.714286","2459188.296245","31.969448","2026-04-25 00:06:46.307000"
"165","7.714286","2466499.695411","32.064496","2026-04-25 00:06:48.773000"
"166","7.714286","2457111.615401","31.942451","2026-04-25 00:06:51.231000"
"167","7.714286","2467222.910661","32.073898","2026-04-25 00:06:53.698000"
"168","7.714286","2465006.846648","32.045089","2026-04-25 00:06:56.163000"
"169","7.714286","2454944.317157","31.914276","2026-04-25 00:06:58.618000"
"170","7.714286","2470096.844893","32.111259","2026-04-25 00:07:01.088000"
"171","7.714286","2460639.696855","31.988316","2026-04-25 00:07:03.548000"
"172","7.714286","2459252.467522","31.970282","2026-04-25 00:07:06.008000"
"173","7.714286","2454648.54974","31.910431","2026-04-25 00:07:08.462000"
"174","7.714286","2459046.693949","31.967607","2026-04-25 00:07:10.921000"
"175","7.714286","2467280.14946","32.074642","2026-04-25 00:07:13.389000"
"176","7.714286","2472175.909923","32.138287","2026-04-25 00:07:15.861000"
"177","7.714286","2461329.625203","31.997285","2026-04-25 00:07:18.322000"
"178","7.714286","2460367.918015","31.984783","2026-04-25 00:07:20.783000"
"179","7.714286","2467305.000012","32.074965","2026-04-25 00:07:23.250000"
"180","7.714286","2468768.46827","32.09399","2026-04-25 00:07:25.719000"
"181","7.714286","2455002.161173","31.915028","2026-04-25 00:07:28.174000"
"182","7.714286","2459454.077941","31.972903","2026-04-25 00:07:30.633000"
"183","7.714286","2459195.155364","31.969537","2026-04-25 00:07:33.092000"
"184","7.714286","2467284.752772","32.074702","2026-04-25 00:07:35.560000"
"185","7.714286","2468752.164107","32.093778","2026-04-25 00:07:38.028000"
"186","7.57142899999999","2470349.385188","32.114542","2026-04-25 00:07:40.499000"
"187","7.57142899999999","2462374.687195","32.010871","2026-04-25 00:07:42.961000"
"188","7.57142899999999","2460545.924994","31.987097","2026-04-25 00:07:45.422000"
"189","7.714286","2460031.857857","31.980414","2026-04-25 00:07:47.882000"
"190","7.066667","2287960.495268","32.031447","2026-04-25 00:07:50.170000"
"191","7.57142899999999","2467884.778976","32.082502","2026-04-25 00:07:52.637000"
"192","7.57142899999999","2467572.927475","32.078448","2026-04-25 00:07:55.105000"
"193","7.57142899999999","2462719.843938","32.015358","2026-04-25 00:07:57.568000"
"194","7.57142899999999","2466055.081441","32.058716","2026-04-25 00:08:00.034000"
"195","7.57142899999999","2455283.843554","31.91869","2026-04-25 00:08:02.489000"
"196","6.625","2131748.135885","31.976222","2026-04-25 00:08:04.621000"
"197","7.57142899999999","2455320.303257","31.919164","2026-04-25 00:08:07.076000"
"198","7.57142899999999","2465871.994312","32.056336","2026-04-25 00:08:09.542000"
"199","7.57142899999999","2467731.219072","32.080506","2026-04-25 00:08:12.010000"
"200","7.57142899999999","2460375.45571","31.984881","2026-04-25 00:08:14.470000"
"201","7.57142899999999","2468670.074756","32.092711","2026-04-25 00:08:16.939000"
"202","7.714286","2465474.770619","32.0511719999999","2026-04-25 00:08:19.404000"
"203","7.57142899999999","2455184.386327","31.917397","2026-04-25 00:08:21.859000"
"204","7.57142899999999","2465683.001738","32.0538789999999","2026-04-25 00:08:24.325000"
"205","7.57142899999999","2464440.455804","32.037726","2026-04-25 00:08:26.790000"
"206","7.57142899999999","2456435.845448","31.933666","2026-04-25 00:08:29.246000"
"207","7.57142899999999","2467455.698894","32.076924","2026-04-25 00:08:31.714000"
"208","7.57142899999999","2459270.844093","31.970521","2026-04-25 00:08:34.173000"
"209","7.57142899999999","2467502.153837","32.077528","2026-04-25 00:08:36.640000"
"210","7.57142899999999","2465063.461891","32.045825","2026-04-25 00:08:39.105000"
"211","7.57142899999999","2455191.997381","31.917496","2026-04-25 00:08:41.561000"
"212","7.57142899999999","2457433.553842","31.946636","2026-04-25 00:08:44.018000"
"213","7.57142899999999","2456726.679435","31.937447","2026-04-25 00:08:46.475000"
"214","7.714286","2468108.452283","32.08541","2026-04-25 00:08:48.943000"
"215","7.714286","2460737.375113","31.989586","2026-04-25 00:08:51.404000"
"216","7.714286","2457504.529219","31.947559","2026-04-25 00:08:53.861000"
"217","7.714286","2463685.861001","32.027916","2026-04-25 00:08:56.325000"
"218","7.714286","2467380.927159","32.075952","2026-04-25 00:08:58.792000"
"219","7.714286","2459464.29326","31.973036","2026-04-25 00:09:01.252000"
"220","7.714286","2456787.769611","31.938241","2026-04-25 00:09:03.708000"
"221","7.714286","2467290.548178","32.074777","2026-04-25 00:09:06.176000"
"222","7.714286","2458789.77042","31.964267","2026-04-25 00:09:08.634000"
"223","7.57142899999999","2466828.236213","32.068767","2026-04-25 00:09:11.101000"
"224","7.57142899999999","2467345.311091","32.075489","2026-04-25 00:09:13.569000"
"225","7.57142899999999","2460835.21843","31.990858","2026-04-25 00:09:16.029000"
"226","7.57142899999999","2457187.762627","31.943441","2026-04-25 00:09:18.487000"
"227","7.57142899999999","2460939.682447","31.992216","2026-04-25 00:09:20.948000"
"228","7.714286","2464666.843414","32.040669","2026-04-25 00:09:23.412000"
"229","7.714286","2471592.224561","32.130699","2026-04-25 00:09:25.884000"
"230","7.57142899999999","2462765.381886","32.01595","2026-04-25 00:09:28.347000"
"231","7.714286","2467465.767494","32.077055","2026-04-25 00:09:30.814000"
"232","7.714286","2464949.992987","32.04435","2026-04-25 00:09:33.279000"
"233","7.714286","2465260.157218","32.048382","2026-04-25 00:09:35.744000"
"234","7.714286","2461113.69133","31.994478","2026-04-25 00:09:38.205000"
"235","7.714286","2464999.914169","32.044999","2026-04-25 00:09:40.670000"
"236","7.714286","2454887.390137","31.913536","2026-04-25 00:09:43.125000"
"237","7.714286","2458395.609489","31.959143","2026-04-25 00:09:45.584000"
"238","7.714286","2467210.384516","32.073735","2026-04-25 00:09:48.051000"
"239","7.714286","2463514.071244","32.025683","2026-04-25 00:09:50.514000"
"240","7.714286","2454909.929862","31.913829","2026-04-25 00:09:52.969000"
"241","7.714286","2459168.085685","31.969185","2026-04-25 00:09:55.428000"
"242","7.714286","2467166.625536","32.073166","2026-04-25 00:09:57.896000"
"243","7.714286","2465011.761739","32.045153","2026-04-25 00:10:00.361000"
"244","7.714286","2467603.848531","32.07885","2026-04-25 00:10:02.828000"
"245","7.714286","2464964.078023","32.044533","2026-04-25 00:10:05.293000"
"246","7.714286","2455313.389118","31.919074","2026-04-25 00:10:07.749000"
"247","7.714286","2465596.455794","32.052754","2026-04-25 00:10:10.214000"
"248","7.714286","2467338.231894","32.0753969999999","2026-04-25 00:10:12.681000"
"249","7.57142899999999","2465535.934155","32.051967","2026-04-25 00:10:15.147000"
"250","7.57142899999999","2467270.851135","32.074521","2026-04-25 00:10:17.614000"
"251","7.57142899999999","2464256.690099","32.035337","2026-04-25 00:10:20.079000"
"252","7.57142899999999","2467280.846376","32.074651","2026-04-25 00:10:22.546000"
"253","7.57142899999999","2465855.54343","32.0561219999999","2026-04-25 00:10:25.012000"
"254","7.714286","2467356.076607","32.075629","2026-04-25 00:10:27.479000"
"255","7.57142899999999","2459570.921384","31.974422","2026-04-25 00:10:29.939000"
"256","7.714286","2461123.319773","31.994603","2026-04-25 00:10:32.400000"
"257","7.57142899999999","2468831.850932","32.094814","2026-04-25 00:10:34.869000"
"258","7.57142899999999","2461272.771542","31.996546","2026-04-25 00:10:37.330000"
"259","7.57142899999999","2456873.306861","31.939353","2026-04-25 00:10:39.787000"
"260","7.714286","2455051.073661","31.915664","2026-04-25 00:10:42.242000"
"261","7.714286","2465540.464108","32.052026","2026-04-25 00:10:44.707000"
"262","7.714286","2467370.620141","32.075818","2026-04-25 00:10:47.175000"
"263","7.714286","2469190.065677","32.099471","2026-04-25 00:10:49.644000"
"264","7.714286","2467339.460666","32.075413","2026-04-25 00:10:52.111000"
"265","7.714286","2463803.45638","32.029445","2026-04-25 00:10:54.575000"
"266","7.714286","2461533.23467","31.999932","2026-04-25 00:10:57.037000"
"267","7.714286","2465450.231846","32.050853","2026-04-25 00:10:59.502000"
"268","7.714286","2461153.067075","31.99499","2026-04-25 00:11:01.963000"
"269","7.714286","2459377.618936","31.971909","2026-04-25 00:11:04.423000"
"270","7.714286","2454997.851298","31.914972","2026-04-25 00:11:06.878000"
"271","7.714286","2459648.682521","31.975433","2026-04-25 00:11:09.337000"
"272","7.714286","2465831.756592","32.055813","2026-04-25 00:11:11.803000"
"273","7.714286","2463658.314485","32.027558","2026-04-25 00:11:14.267000"
"274","7.714286","2460848.55153","31.991031","2026-04-25 00:11:16.727000"
"275","7.714286","2459531.142161","31.973905","2026-04-25 00:11:19.187000"
"276","7.714286","2455012.468191","31.915162","2026-04-25 00:11:21.642000"
"277","7.714286","2465678.618504","32.053822","2026-04-25 00:11:24.108000"
"278","7.714286","2454987.232502","31.914834","2026-04-25 00:11:26.563000"
"279","7.714286","2453506.543086","31.895585","2026-04-25 00:11:29.016000"
"280","7.714286","2454935.697409","31.914164","2026-04-25 00:11:31.471000"
"281","7.714286","2459666.618934","31.975666","2026-04-25 00:11:33.931000"
"282","7.714286","2467298.159233","32.074876","2026-04-25 00:11:36.398000"
"283","7.714286","2459296.53828","31.970855","2026-04-25 00:11:38.857000"
"284","7.714286","2454874.002017","31.913362","2026-04-25 00:11:41.312000"
"285","6.75","2135443.671544","32.031655","2026-04-25 00:11:43.448000"
"286","7.714286","2474600.99367","32.169813","2026-04-25 00:11:45.922000"
"287","7.714286","2475393.166909","32.180111","2026-04-25 00:11:48.398000"
"288","7.714286","2469911.373579","32.1088479999999","2026-04-25 00:11:50.868000"
"289","7.714286","2451452.16355","31.868878","2026-04-25 00:11:53.319000"
"290","7.714286","2461820.620757","32.003668","2026-04-25 00:11:55.781000"
"291","7.714286","2469256.621141","32.100336","2026-04-25 00:11:58.250000"
"292","7.714286","2466565.920756","32.065357","2026-04-25 00:12:00.717000"
"293","7.714286","2458244.305391","31.957176","2026-04-25 00:12:03.175000"
"294","7.714286","2454443.234664","31.907762","2026-04-25 00:12:05.629000"
"295","7.714286","2462881.069917","32.017454","2026-04-25 00:12:08.092000"
"296","7.714286","2467496.303412","32.077452","2026-04-25 00:12:10.560000"
"297","7.714286","2465451.313899","32.050867","2026-04-25 00:12:13.025000"
"298","7.714286","2473183.540198","32.1513859999999","2026-04-25 00:12:15.498000"
"299","7.714286","2459130.30551","31.968694","2026-04-25 00:12:17.958000"
"300","7.714286","2459150.002553","31.96895","2026-04-25 00:12:20.417000"
"301","7.714286","2458801.54463","31.96442","2026-04-25 00:12:22.876000"
"302","7.714286","2466757.224156","32.067844","2026-04-25 00:12:25.342000"
"303","7.714286","2465615.62098","32.053003","2026-04-25 00:12:27.808000"
"304","7.714286","2469728.451509","32.10647","2026-04-25 00:12:30.278000"
"305","7.714286","2466584.223967","32.065595","2026-04-25 00:12:32.744000"
"306","7.714286","2467853.674522","32.0820979999999","2026-04-25 00:12:35.212000"
"307","7.714286","2471808.396853","32.133509","2026-04-25 00:12:37.684000"
"308","7.714286","2467371.683854","32.075832","2026-04-25 00:12:40.151000"
"309","7.714286","2465276.076243","32.048589","2026-04-25 00:12:42.617000"
"310","7.714286","2467230.154918","32.073992","2026-04-25 00:12:45.084000"
"311","7.714286","2469993.224511","32.109912","2026-04-25 00:12:47.554000"
"312","7.714286","2471358.299255","32.127658","2026-04-25 00:12:50.025000"
"313","7.714286","2459888.293193","31.978548","2026-04-25 00:12:52.485000"
"314","7.714286","2469067.15173","32.097873","2026-04-25 00:12:54.954000"
"315","7.714286","2460787.534714","31.990238","2026-04-25 00:12:57.415000"
"316","7.714286","2468841.222616","32.094936","2026-04-25 00:12:59.884000"
"317","7.714286","2458029.068433","31.954378","2026-04-25 00:13:02.342000"
"318","7.714286","2467974.77282","32.083672","2026-04-25 00:13:04.810000"
"319","7.2","2286525.50493","32.011357","2026-04-25 00:13:07.096000"
"320","7.714286","2455062.921231","31.915818","2026-04-25 00:13:09.551000"
"321","7.714286","2463064.230405","32.019835","2026-04-25 00:13:12.014000"
"322","7.714286","2453555.914072","31.896227","2026-04-25 00:13:14.468000"
"323","7.714286","2463895.229193","32.030638","2026-04-25 00:13:16.932000"
"324","7.428571","2474030.751448","32.1624","2026-04-25 00:13:19.406000"
"325","7.714286","2456277.388793","31.931606","2026-04-25 00:13:21.862000"
"326","7.714286","2460253.935594","31.983301","2026-04-25 00:13:24.322000"
"327","7.714286","2455013.917043","31.915181","2026-04-25 00:13:26.777000"
"328","7.428571","2459681.529265","31.97586","2026-04-25 00:13:29.237000"
"329","7.428571","2468878.617653","32.095422","2026-04-25 00:13:31.706000"
"330","7.2","2286130.871092","32.005832","2026-04-25 00:13:33.992000"
"331","7.428571","2455137.527906","31.916788","2026-04-25 00:13:36.447000"
"332","7.428571","2464218.543126","32.034841","2026-04-25 00:13:38.911000"
"333","7.428571","2459249.936617","31.970249","2026-04-25 00:13:41.371000"
"334","7.428571","2471247.067818","32.126212","2026-04-25 00:13:43.842000"
"335","7.428571","2456753.308956","31.937793","2026-04-25 00:13:46.299000"
"336","6.5","2135465.669632","32.031985","2026-04-25 00:13:48.434000"
"337","7.428571","2456230.988869","31.931003","2026-04-25 00:13:50.890000"
"338","7.428571","2462062.927393","32.006818","2026-04-25 00:13:53.352000"
"339","7.714286","2465763.458839","32.054925","2026-04-25 00:13:55.818000"
"340","7.428571","2453631.236003","31.897206","2026-04-25 00:13:58.272000"
"341","8.666667","2915912.801569","32.075041","2026-04-25 00:14:01.188000"
"342","7.428571","2463769.142444","32.028999","2026-04-25 00:14:03.651000"
"343","7.428571","2467483.923985","32.0772909999999","2026-04-25 00:14:06.119000"
"344","7.428571","2458959.23101","31.96647","2026-04-25 00:14:08.578000"
"345","7.428571","2468942.312094","32.09625","2026-04-25 00:14:11.047000"
"346","7.428571","2460945.91801","31.992297","2026-04-25 00:14:13.508000"
"347","7.714286","2469400.846041","32.102211","2026-04-25 00:14:15.977000"
"348","7.2","2280148.931912","31.922085","2026-04-25 00:14:18.257000"
"349","7.714286","2465476.146111","32.05119","2026-04-25 00:14:20.723000"
"350","7.714286","2455833.23332","31.925832","2026-04-25 00:14:23.179000"
"351","7.714286","2464921.162679","32.043975","2026-04-25 00:14:25.644000"
"352","7.714286","2450895.401148","31.86164","2026-04-25 00:14:28.094000"
"353","7.714286","2463290.452957","32.022776","2026-04-25 00:14:30.558000"
"354","7.714286","2458085.151819","31.955107","2026-04-25 00:14:33.016000"
"355","7.714286","2466240.772834","32.06113","2026-04-25 00:14:35.482000"
"356","7.714286","2468466.39193","32.090063","2026-04-25 00:14:37.951000"
"357","7.714286","2456922.696187","31.939995","2026-04-25 00:14:40.407000"
"358","7.714286","2455909.160467","31.926819","2026-04-25 00:14:42.863000"
"359","7.714286","2466819.231327","32.06865","2026-04-25 00:14:45.330000"
"360","5.684211","1836301.790343","33.053432","2026-04-25 00:14:47.167000"
"361","7.714286","2470891.769116","32.121593","2026-04-25 00:14:49.637000"
"362","7.714286","2464236.772977","32.035078","2026-04-25 00:14:52.102000"
"363","7.714286","2469460.083888","32.102981","2026-04-25 00:14:54.571000"
"364","7.714286","2459862.617346","31.978214","2026-04-25 00:14:57.031000"
"365","7.714286","2464209.923377","32.034729","2026-04-25 00:14:59.495000"
"366","7.714286","2460957.380442","31.992446","2026-04-25 00:15:01.956000"
"367","7.714286","2472092.995277","32.137209","2026-04-25 00:15:04.428000"
"368","7.714286","2467005.01442","32.071065","2026-04-25 00:15:06.895000"
"369","7.714286","2464907.627839","32.043799","2026-04-25 00:15:09.360000"
"370","7.714286","2461278.07177","31.996615","2026-04-25 00:15:11.821000"
"371","7.714286","2462980.233706","32.018743","2026-04-25 00:15:14.284000"
"372","7.714286","2473195.919624","32.1515469999999","2026-04-25 00:15:16.758000"
"373","7.714286","2464762.687683","32.041915","2026-04-25 00:15:19.222000"
"374","7.2","2291288.631303","32.078041","2026-04-25 00:15:21.514000"
"375","7.714286","2483895.686957","32.290644","2026-04-25 00:15:23.998000"
"376","7.714286","2472016.224494","32.136211","2026-04-25 00:15:26.470000"
"377","7.714286","2469763.297301","32.1069229999999","2026-04-25 00:15:28.939000"
"378","7.714286","2466313.61888","32.062077","2026-04-25 00:15:31.406000"
"379","7.714286","2466977.302845","32.070705","2026-04-25 00:15:33.873000"
"380","7.714286","2465970.314466","32.057614","2026-04-25 00:15:36.339000"
"381","7.714286","2460635.38698","31.98826","2026-04-25 00:15:38.799000"
"382","7.714286","2459211.221108","31.969746","2026-04-25 00:15:41.258000"
"383","7.714286","2459480.542403","31.973247","2026-04-25 00:15:43.718000"
"384","7.714286","2458062.685453","31.954815","2026-04-25 00:15:46.176000"
"385","7.714286","2467767.917193","32.080983","2026-04-25 00:15:48.644000"
"386","7.714286","2465196.462778","32.047554","2026-04-25 00:15:51.109000"
"387","7.714286","2466487.462704","32.064337","2026-04-25 00:15:53.575000"
"388","7.714286","2457200.453832","31.943606","2026-04-25 00:15:56.033000"
"389","7.714286","2475870.627623","32.186318","2026-04-25 00:15:58.509000"
"390","7.714286","2457333.931556","31.945341","2026-04-25 00:16:00.966000"
"391","7.2","2290738.207953","32.070335","2026-04-25 00:16:03.257000"
"392","7.714286","2466709.852219","32.067228","2026-04-25 00:16:05.723000"
"393","7.714286","2454441.859172","31.907744","2026-04-25 00:16:08.178000"
"394","6.75","2136410.538356","32.046158","2026-04-25 00:16:10.314000"
"395","7.714286","2465042.682794","32.045555","2026-04-25 00:16:12.779000"
"396","7.714286","2470343.461403","32.114465","2026-04-25 00:16:15.250000"
"397","7.714286","2468266.138664","32.08746","2026-04-25 00:16:17.718000"
"398","7.714286","2471272.541926","32.126543","2026-04-25 00:16:20.189000"
"399","7.714286","2470842.233071","32.120949","2026-04-25 00:16:22.660000"
"400","7.714286","2462529.989389","32.01289","2026-04-25 00:16:25.122000"
"401","7.714286","2448810.540713","31.834537","2026-04-25 00:16:27.571000"
"402","7.714286","2460446.467766","31.985804","2026-04-25 00:16:30.032000"
"403","7.714286","2464979.226773","32.04473","2026-04-25 00:16:32.497000"
"404","7.714286","2466808.300752","32.068508","2026-04-25 00:16:34.963000"
"405","7.714286","2455677.472628","31.923807","2026-04-25 00:16:37.419000"
"406","7.714286","2459490.372584","31.973375","2026-04-25 00:16:39.879000"
"407","7.714286","2454351.920348","31.906575","2026-04-25 00:16:42.333000"
"408","7.714286","2455138.921738","31.916806","2026-04-25 00:16:44.788000"
"409","7.714286","2458926.072487","31.966039","2026-04-25 00:16:47.247000"
"410","7.714286","2454251.839564","31.905274","2026-04-25 00:16:49.701000"
"411","7.57142899999999","2466618.006046","32.066034","2026-04-25 00:16:52.168000"
"412","7.57142899999999","2477221.085475","32.203874","2026-04-25 00:16:54.645000"
"413","7.57142899999999","2461419.930825","31.998459","2026-04-25 00:16:57.107000"
"414","7.57142899999999","2459337.381216","31.971386","2026-04-25 00:16:59.566000"
"415","7.714286","2467795.078571","32.081336","2026-04-25 00:17:02.034000"
"416","7.57142899999999","2458619.686273","31.962056","2026-04-25 00:17:04.492000"
"417","7.57142899999999","2452620.928104","31.884072","2026-04-25 00:17:06.945000"
"418","7.57142899999999","2455914.075558","31.926883","2026-04-25 00:17:09.401000"
"419","7.57142899999999","2471705.014889","32.132165","2026-04-25 00:17:11.873000"
"420","7.57142899999999","2459742.619441","31.976654","2026-04-25 00:17:14.332000"
"421","7.57142899999999","2454590.834104","31.909681","2026-04-25 00:17:16.787000"
"422","7.714286","2456158.454602","31.93006","2026-04-25 00:17:19.243000"
"423","7.714286","2456790.153797","31.938272","2026-04-25 00:17:21.700000"
"424","7.57142899999999","2469891.768235","32.108593","2026-04-25 00:17:24.170000"
"425","7.714286","2455121.77394","31.916583","2026-04-25 00:17:26.625000"
"426","7.714286","2456482.905608","31.934278","2026-04-25 00:17:29.081000"
"427","7.57142899999999","2466862.458449","32.069212","2026-04-25 00:17:31.548000"
"428","7.714286","2475497.300808","32.181465","2026-04-25 00:17:34.024000"
"429","7.57142899999999","2467847.860776","32.0820219999999","2026-04-25 00:17:36.492000"
"430","7.57142899999999","2455213.620112","31.917777","2026-04-25 00:17:38.947000"
"431","7.57142899999999","2465302.063869","32.048927","2026-04-25 00:17:41.412000"
"432","7.57142899999999","2471158.779584","32.125064","2026-04-25 00:17:43.883000"
"433","7.714286","2468579.989213","32.09154","2026-04-25 00:17:46.352000"
"434","7.57142899999999","2467696.850116","32.080059","2026-04-25 00:17:48.820000"
"435","7.714286","2457987.070084","31.953832","2026-04-25 00:17:51.277000"
"436","7.714286","2465741.689389","32.054642","2026-04-25 00:17:53.743000"
"437","7.714286","2467766.835139","32.080969","2026-04-25 00:17:56.211000"
"438","7.714286","2465786.622121","32.055226","2026-04-25 00:17:58.677000"
"439","7.714286","2455202.616178","31.917634","2026-04-25 00:18:01.132000"
"440","7.714286","2463981.848497","32.031764","2026-04-25 00:18:03.596000"
"441","7.57142899999999","2470374.620878","32.11487","2026-04-25 00:18:06.066000"
"442","7.714286","2461474.161882","31.999164","2026-04-25 00:18:08.528000"
"443","7.714286","2457576.146493","31.94849","2026-04-25 00:18:10.985000"
"444","7.714286","2448804.928706","31.834464","2026-04-25 00:18:13.434000"
"445","7.714286","2452338.530467","31.880401","2026-04-25 00:18:15.887000"
"446","7.714286","2465005.526176","32.045072","2026-04-25 00:18:18.352000"
"447","7.714286","2466263.991136","32.061432","2026-04-25 00:18:20.818000"
"448","7.714286","2471747.159958","32.132713","2026-04-25 00:18:23.290000"
"449","7.714286","2453229.537377","31.891984","2026-04-25 00:18:25.743000"
"450","7.714286","2462234.001893","32.009042","2026-04-25 00:18:28.205000"
"451","7.714286","2458349.613043","31.958545","2026-04-25 00:18:30.663000"
"452","7.714286","2459652.533898","31.975483","2026-04-25 00:18:33.123000"
"453","6.75","2137994.003296","32.06991","2026-04-25 00:18:35.261000"
"454","7.714286","2460130.141332","31.981692","2026-04-25 00:18:37.721000"
"455","7.714286","2455056.153811","31.91573","2026-04-25 00:18:40.176000"
"456","7.428571","2465573.62263","32.052457","2026-04-25 00:18:42.642000"
"457","7.428571","2467197.91339","32.073573","2026-04-25 00:18:45.109000"
"458","7.428571","2462782.768103","32.016176","2026-04-25 00:18:47.572000"
"459","7.428571","2467506.372012","32.077583","2026-04-25 00:18:50.039000"
"460","7.428571","2459048.766356","31.967634","2026-04-25 00:18:52.498000"
"461","7.428571","2460804.150655","31.990454","2026-04-25 00:18:54.959000"
"462","7.428571","2465955.532514","32.0574219999999","2026-04-25 00:18:57.425000"
"463","7.428571","2458728.001668","31.963464","2026-04-25 00:18:59.884000"
"464","7.714286","2469023.686189","32.097308","2026-04-25 00:19:02.353000"
"465","7.714286","2466273.692938","32.061558","2026-04-25 00:19:04.819000"
"466","7.714286","2462135.149882","32.007757","2026-04-25 00:19:07.281000"
"467","7.428571","2466562.381158","32.065311","2026-04-25 00:19:09.748000"
"468","7.428571","2467828.457172","32.08177","2026-04-25 00:19:12.216000"
"469","7.428571","2458639.383316","31.962312","2026-04-25 00:19:14.674000"
"470","7.428571","2465837.221879","32.055884","2026-04-25 00:19:17.140000"
"471","7.714286","2462626.457214","32.014144","2026-04-25 00:19:19.603000"
"472","7.714286","2466859.854185","32.069178","2026-04-25 00:19:22.070000"
"473","7.714286","2463858.677791","32.030163","2026-04-25 00:19:24.533000"
"474","7.714286","2454416.073286","31.907409","2026-04-25 00:19:26.988000"
"475","7.714286","2467326.384324","32.075243","2026-04-25 00:19:29.455000"
"476","7.714286","2459088.692298","31.968153","2026-04-25 00:19:31.914000"
"477","7.714286","2469107.847947","32.098402","2026-04-25 00:19:34.383000"
"478","7.714286","2467534.835522","32.077953","2026-04-25 00:19:36.851000"
"479","7.714286","2458340.608157","31.958428","2026-04-25 00:19:39.309000"
"480","7.714286","2466029.387254","32.058382","2026-04-25 00:19:41.775000"
"481","8.307692","189866.840839","2.278402","2026-04-25 00:19:41.965000"
"482","7.714286","2466143.626433","32.059867","2026-04-25 00:19:44.431000"
"483","6.75","14666415.802638","219.996237","2026-04-25 00:19:59.098000"
"484","7.428571","2842047.544626","36.946618","2026-04-25 00:20:01.940000"
"485","6.5","18400117.667516","276.001765","2026-04-25 00:20:20.340000"
"486","7.714286","540905.548976","7.031772","2026-04-25 00:20:20.881000"
"487","6.75","16072312.132517","241.084682","2026-04-25 00:20:36.953000"
"488","7.714286","225199.846121","2.927598","2026-04-25 00:20:37.178000"
"489","6.75","18803564.786911","282.053472","2026-04-25 00:20:55.982000"
"490","6.75","14543914.12735","218.158712","2026-04-25 00:21:10.526000"
"491","5.684211","9332035.938899","167.976647","2026-04-25 00:21:19.858000"
"492","7.714286","4005067.38516","52.065876","2026-04-25 00:21:23.863000"
"493","7.714286","5545876.68639","72.096397","2026-04-25 00:21:29.409000"
"494","6.75","10542231.655121","158.133475","2026-04-25 00:21:39.951000"
"495","7.714286","3620964.307051","47.072536","2026-04-25 00:21:43.572000"
"496","6.75","20065721.400579","300.985821","2026-04-25 00:22:03.638000"
"497","6.625","9870185.597738","148.052784","2026-04-25 00:22:13.508000"
"498","6.625","23403906.472524","351.058597","2026-04-25 00:22:36.912000"
"499","6.625","22538475.529353","338.077133","2026-04-25 00:22:59.450000"
"500","6.625","14673648.866018","220.104733","2026-04-25 00:23:14.124000"
"501","7.57142899999999","2306045.458867","29.978591","2026-04-25 00:23:16.430000"
"502","7.57142899999999","2840002.390055","36.920031","2026-04-25 00:23:19.270000"
"503","6.352941","17313635.244966","277.018164","2026-04-25 00:23:36.584000"
"504","7.57142899999999","5842540.22745","75.953023","2026-04-25 00:23:42.426000"
"505","6.625","10207725.874583","153.115887999999","2026-04-25 00:23:52.634000"
"506","6.75","15134430.805842","227.016462","2026-04-25 00:24:07.768000"
"507","7.714286","4382026.305565","56.966342","2026-04-25 00:24:12.150000"
"508","6.75","6335784.53064","95.036768","2026-04-25 00:24:18.486000"
"509","7.714286","7011286.148658","91.14672","2026-04-25 00:24:25.497000"
"510","5.066667","14071181.927408","194.104524","2026-04-25 00:24:39.569000"
"511","6.75","16070330.063502","241.054951","2026-04-25 00:24:55.639000"
"512","6.75","7142936.722438","107.144051","2026-04-25 00:25:02.782000"
"513","6.75","14801344.52184","222.020168","2026-04-25 00:25:17.583000"
"514","6.75","20336867.793401","305.053017","2026-04-25 00:25:37.920000"
"515","7.714286","4468659.602679","58.092575","2026-04-25 00:25:42.389000"
"516","6.75","7469407.002131","112.041105","2026-04-25 00:25:49.858000"
"517","7.714286","6078921.24469499","79.025976","2026-04-25 00:25:55.937000"
"518","7.714286","4769284.230012","62.0006949999999","2026-04-25 00:26:00.706000"
"519","6.75","23540826.066335","353.112391","2026-04-25 00:26:24.247000"
"520","6.75","16526806.259155","247.902094","2026-04-25 00:26:40.774000"
"521","7.714286","1150062.304277","14.95081","2026-04-25 00:26:41.924000"
"522","7.714286","3460551.848778","44.987174","2026-04-25 00:26:45.385000"
"523","7.714286","2005532.851586","26.071927","2026-04-25 00:26:47.390000"
"524","7.714286","2779004.225364","36.127055","2026-04-25 00:26:50.169000"
"525","6.75","259704.462687","3.895567","2026-04-25 00:26:50.429000"
"526","7.714286","3700868.23977","48.111287","2026-04-25 00:26:54.130000"
"527","7.428571","2376304.773184","30.891962","2026-04-25 00:26:56.506000"
"528","7.714286","2070829.31812","26.920781","2026-04-25 00:26:58.577000"
"529","7.714286","1155497.605984","15.021469","2026-04-25 00:26:59.732000"
"530","7.714286","3009497.459118","39.123467","2026-04-25 00:27:02.742000"
"531","7.714286","1147456.921064","14.91694","2026-04-25 00:27:03.889000"
"532","7.714286","2781489.849091","36.159368","2026-04-25 00:27:06.671000"
"533","7.714286","3996608.91753","51.955916","2026-04-25 00:27:10.667000"
"534","7.714286","2388117.478444","31.045527","2026-04-25 00:27:13.055000"
"535","7.714286","4766108.769637","61.959414","2026-04-25 00:27:17.822000"
"536","7.714286","769641.766181","10.005343","2026-04-25 00:27:18.591000"
"537","7.714286","2083566.078773","27.086359","2026-04-25 00:27:20.675000"
"538","7.714286","706346.456821","9.182504","2026-04-25 00:27:21.381000"
"539","7.714286","1414115.227186","18.383498","2026-04-25 00:27:22.795000"
"540","7.714286","1793793.384845","23.319314","2026-04-25 00:27:24.589000"
"541","6.75","3286566.003164","49.29849","2026-04-25 00:27:27.876000"
"542","7.833333","2554603.646783","43.428262","2026-04-25 00:27:30.430000"
"543","7.714286","2183045.919125","28.379597","2026-04-25 00:27:32.613000"
"544","7.714286","4252694.625121","55.28503","2026-04-25 00:27:36.866000"
"545","7.714286","2788410.076728","36.249331","2026-04-25 00:27:39.654000"
"546","7.714286","3632649.69679","47.224446","2026-04-25 00:27:43.287000"
"547","7.714286","4637416.8396","60.286419","2026-04-25 00:27:47.924000"
"548","7.714286","4185276.013154","54.408588","2026-04-25 00:27:52.110000"
"549","7.714286","1257558.455834","16.34826","2026-04-25 00:27:53.367000"
"550","8.1875","3823899.666468","57.358495","2026-04-25 00:27:57.191000"
"551","7.714286","4187032.076029","54.431417","2026-04-25 00:28:01.378000"
"552","7.714286","1311349.465297","17.047543","2026-04-25 00:28:02.690000"
"553","7.714286","1316591.079418","17.1156839999999","2026-04-25 00:28:04.006000"
"554","7.714286","1245786.391772","16.195223","2026-04-25 00:28:05.252000"
"555","5.846154","2648534.754912","31.249999","2026-04-25 00:28:07.900000"
"556","7.714286","1162403.216729","15.111242","2026-04-25 00:28:09.063000"
"557","7.714286","3318932.845042","43.146127","2026-04-25 00:28:12.382000"
"558","7.714286","628474.308894","8.170166","2026-04-25 00:28:13.010000"
"559","7.714286","4335474.472779","56.361168","2026-04-25 00:28:17.346000"
"560","7.714286","3314853.851612","43.0931","2026-04-25 00:28:20.661000"
"561","7.714286","4702694.452726","61.135028","2026-04-25 00:28:25.363000"
"562","7.714286","1459998.075779","18.979975","2026-04-25 00:28:26.823000"
"563","7.714286","2625562.851246","34.132317","2026-04-25 00:28:29.449000"
"564","7.714286","3378985.533347","43.926812","2026-04-25 00:28:32.828000"
"565","7.714286","1149218.614285","14.939842","2026-04-25 00:28:33.977000"
"566","7.714286","2157664.225652","28.049635","2026-04-25 00:28:36.135000"
"567","7.714286","2852743.460582","37.085665","2026-04-25 00:28:38.987000"
"568","7.714286","2697961.165355","35.073495","2026-04-25 00:28:41.685000"
"569","7.714286","1623749.696291","21.108746","2026-04-25 00:28:43.309000"
"570","7.066667","3455961.925643","48.383467","2026-04-25 00:28:46.765000"
"571","7.57142899999999","1027383.382504","13.355984","2026-04-25 00:28:47.793000"
"572","7.57142899999999","3238820.314407","42.104664","2026-04-25 00:28:51.031000"
"573","7.57142899999999","2934723.615646","38.151407","2026-04-25 00:28:53.966000"
"574","7.57142899999999","2770113.44983","36.011475","2026-04-25 00:28:56.736000"
"575","6.818182","251702.38018","2.517024","2026-04-25 00:28:56.988000"
"576","5.769231","4545271.754265","54.177752","2026-04-25 00:29:01.533000"
"577","7.57142899999999","3315606.704125","43.102887","2026-04-25 00:29:04.849000"
"578","7.714286","4072815.675002","52.946604","2026-04-25 00:29:08.922000"
"579","7.714286","3847809.369747","50.021522","2026-04-25 00:29:12.769000"
"580","7.714286","4703867.233717","61.150274","2026-04-25 00:29:17.473000"
"581","7.714286","2941404.159252","38.238254","2026-04-25 00:29:20.415000"
"582","7.714286","3704120.140809","48.153562","2026-04-25 00:29:24.119000"
"583","7.714286","3082040.456625","40.066526","2026-04-25 00:29:27.201000"
"584","7.57142899999999","1541903.697527","20.044748","2026-04-25 00:29:28.743000"
"585","7.57142899999999","1165463.61263","15.151027","2026-04-25 00:29:29.908000"
"586","7.57142899999999","2092971.47164","27.208629","2026-04-25 00:29:32.001000"
"587","7.57142899999999","3856969.925073","50.140609","2026-04-25 00:29:35.858000"
"588","7.57142899999999","2259797.609769","29.377369","2026-04-25 00:29:38.118000"
"589","7.57142899999999","1333044.070464","17.329573","2026-04-25 00:29:39.451000"
"590","7.714286","1393485.142634","18.115307","2026-04-25 00:29:40.844000"
"591","7.714286","928487.154154","12.070333","2026-04-25 00:29:41.773000"
"592","7.714286","3245242.320574","42.18815","2026-04-25 00:29:45.018000"
"593","7.714286","1225279.936424","15.928639","2026-04-25 00:29:46.243000"
"594","7.714286","3931689.849267","51.111968","2026-04-25 00:29:50.175000"
"595","7.714286","3070919.697101","39.921956","2026-04-25 00:29:53.246000"
"596","7.714286","4776824.694413","62.098721","2026-04-25 00:29:58.023000"
"597","7.714286","2390568.311398","31.077388","2026-04-25 00:30:00.413000"
"598","7.2","1436085.002763","20.10519","2026-04-25 00:30:01.850000"
"599","7.714286","4610446.233016","59.935801","2026-04-25 00:30:06.460000"
"600","7.714286","2234134.765772","29.043752","2026-04-25 00:30:08.694000"
"601","7.714286","3157211.615489","41.043751","2026-04-25 00:30:11.851000"
"602","7.714286","2625608.389194","34.132909","2026-04-25 00:30:14.477000"
"603","7.714286","3689546.309985","47.964102","2026-04-25 00:30:18.166000"
"604","7.714286","463726.24544","6.028441","2026-04-25 00:30:18.630000"
"605","6.75","1667372.322083","25.010585","2026-04-25 00:30:20.298000"
"606","7.714286","2842183.168118","36.948381","2026-04-25 00:30:23.140000"
"607","7.714286","4382677.683463","56.97481","2026-04-25 00:30:27.522000"
"608","7.714286","2928553.837996","38.0712","2026-04-25 00:30:30.451000"
"609","7.714286","3551067.609053","46.163879","2026-04-25 00:30:34.002000"
"610","7.714286","385740.390191","5.014625","2026-04-25 00:30:34.388000"
"611","7.714286","4163096.831395","54.120259","2026-04-25 00:30:38.551000"
"612","7.428571","3083404.155878","40.084254","2026-04-25 00:30:41.634000"
"613","7.428571","4080920.842978","53.051971","2026-04-25 00:30:45.715000"
"614","7.428571","4086500.094487","53.124501","2026-04-25 00:30:49.802000"
"615","7.428571","608513.612014","7.910677","2026-04-25 00:30:50.410000"
"616","7.428571","3764455.373471","48.93792","2026-04-25 00:30:54.175000"
"617","7.714286","773475.078435999","10.055176","2026-04-25 00:30:54.948000"
"618","7.714286","229524.539067","2.983819","2026-04-25 00:30:55.178000"
"619","7.428571","3301848.686658","42.924033","2026-04-25 00:30:58.480000"
"620","7.714286","1154397.927798","15.007173","2026-04-25 00:30:59.634000"
"621","7.714286","1616683.079646","21.01688","2026-04-25 00:31:01.251000"
"622","7.714286","1612069.001565","20.956897","2026-04-25 00:31:02.863000"
"623","7.714286","842180.325435","10.948344","2026-04-25 00:31:03.705000"
"624","7.714286","1310941.916246","17.042245","2026-04-25 00:31:05.016000"
"625","7.714286","1687530.609278","21.937898","2026-04-25 00:31:06.703000"
"626","7.714286","4006578.702193","52.085523","2026-04-25 00:31:10.710000"
"627","7.714286","3614724.2326","46.991415","2026-04-25 00:31:14.325000"
"628","7.714286","1155257.170017","15.018343","2026-04-25 00:31:15.480000"
"629","7.714286","3993928.927642","51.921076","2026-04-25 00:31:19.474000"
"630","7.714286","4073441.85389","52.9547439999999","2026-04-25 00:31:23.547000"
"631","7.714286","919594.929768","11.954734","2026-04-25 00:31:24.467000"
"632","7.714286","1695293.463193","22.038815","2026-04-25 00:31:26.162000"
"633","7.714286","2853465.923896","37.095057","2026-04-25 00:31:29.016000"
"634","7.428571","3845269.148166","49.988499","2026-04-25 00:31:32.861000"
"635","7.428571","618025.449606","8.034331","2026-04-25 00:31:33.479000"
"636","7.428571","3072969.766764","39.948607","2026-04-25 00:31:36.552000"
"637","7.714286","3923044.773249","50.999582","2026-04-25 00:31:40.475000"
"638","7.428571","1607963.011815","20.903519","2026-04-25 00:31:42.083000"
"639","7.428571","2842351.308236","36.950567","2026-04-25 00:31:44.925000"
"640","7.428571","3695983.923399","48.047791","2026-04-25 00:31:48.621000"
"641","7.428571","3226458.769578","41.943964","2026-04-25 00:31:51.848000"
"642","7.714286","2236268.465336","29.07149","2026-04-25 00:31:54.084000"
"643","7.714286","1532535.534639","19.922962","2026-04-25 00:31:55.617000"
"644","7.714286","2622376.607015","34.090896","2026-04-25 00:31:58.239000"
"645","7.428571","1542831.457578","20.056809","2026-04-25 00:31:59.782000"
"646","7.428571","2158527.759405","28.060861","2026-04-25 00:32:01.940000"
"647","7.428571","1069403.923475","13.902251","2026-04-25 00:32:03.010000"
"648","7.428571","620530.678676","8.066899","2026-04-25 00:32:03.630000"
"649","7.428571","4779484.528762","62.133299","2026-04-25 00:32:08.410000"
"650","7.428571","2309396.908833","30.02216","2026-04-25 00:32:10.719000"
"651","6.933333","3502480.08115","49.034721","2026-04-25 00:32:14.222000"
"652","7.428571","3934737.608983","51.151589","2026-04-25 00:32:18.156000"
"653","7.428571","1532600.311133","19.923804","2026-04-25 00:32:19.689000"
"654","7.428571","462666.071378","6.014659","2026-04-25 00:32:20.152000"
"655","7.428571","1539167.220776","20.009174","2026-04-25 00:32:21.691000"
"656","7.714286","1847588.080626","24.018645","2026-04-25 00:32:23.538000"
"657","7.428571","1240609.150666","16.127919","2026-04-25 00:32:24.779000"
"658","7.428571","540156.382781","7.022033","2026-04-25 00:32:25.319000"
"659","7.428571","4461856.530263","58.004135","2026-04-25 00:32:29.781000"
"660","7.428571","840444.161342","10.925774","2026-04-25 00:32:30.621000"
"661","7.428571","389982.608648","5.069774","2026-04-25 00:32:31.011000"
"662","7.428571","1843230.926074","23.962002","2026-04-25 00:32:32.855000"
"663","7.428571","4702684.384126","61.134897","2026-04-25 00:32:37.557000"
"664","6.933333","1933277.436665","27.065884","2026-04-25 00:32:39.491000"
"665","7.428571","4546353.15675","59.102591","2026-04-25 00:32:44.037000"
"666","7.428571","2770371.93225","36.014835","2026-04-25 00:32:46.807000"
"667","6.5","935068.527857","14.026028","2026-04-25 00:32:47.742000"
"668","7.428571","299962.703998","3.899515","2026-04-25 00:32:48.042000"
"669","7.428571","615824.222565","8.00571499999999","2026-04-25 00:32:48.658000"
"670","7.428571","1230960.845947","16.002491","2026-04-25 00:32:49.889000"
"671","7.428571","306230.545044","3.980997","2026-04-25 00:32:50.195000"
"672","6.933333","708508.150918","9.919114","2026-04-25 00:32:50.904000"
"673","7.714286","839829.536585","10.917784","2026-04-25 00:32:51.744000"
"674","7.428571","379146.997745","4.928911","2026-04-25 00:32:52.123000"
"675","7.714286","3923072.228065","50.999939","2026-04-25 00:32:56.046000"
"676","7.428571","3161913.321568","41.104873","2026-04-25 00:32:59.208000"
"677","7.428571","2301723.847022","29.92241","2026-04-25 00:33:01.510000"
"678","7.428571","4453318.540867","57.893141","2026-04-25 00:33:05.963000"
"679","7.714286","3610867.316906","46.941275","2026-04-25 00:33:09.574000"
"680","7.428571","4303299.92221","55.942899","2026-04-25 00:33:13.877000"
"681","7.714286","4706607.616865","61.185899","2026-04-25 00:33:18.584000"
"682","7.714286","2686505.611126","34.9245729999999","2026-04-25 00:33:21.270000"
"683","7.714286","2155819.397706","28.025652","2026-04-25 00:33:23.426000"
"684","7.428571","1071457.074239","13.928942","2026-04-25 00:33:24.497000"
"685","7.714286","4695759.461476","61.044873","2026-04-25 00:33:29.193000"
"686","7.428571","4000274.603183","52.00357","2026-04-25 00:33:33.193000"
"687","7.428571","4230450.31841","54.995854","2026-04-25 00:33:37.424000"
"688","6.5","2672010.135651","40.080152","2026-04-25 00:33:40.096000"
"689","7.428571","4000693.761385","52.009019","2026-04-25 00:33:44.097000"
"690","6.5","4063118.267059","60.946774","2026-04-25 00:33:48.160000"
"691","7.714286","3920610.006039","50.96793","2026-04-25 00:33:52.080000"
"692","7.714286","3851665.001649","50.071645","2026-04-25 00:33:55.932000"
"693","7.714286","4389004.15714","57.057054","2026-04-25 00:34:00.321000"
"694","7.714286","1767935.844568","22.983166","2026-04-25 00:34:02.089000"
"695","7.714286","4459492.316613","57.9734","2026-04-25 00:34:06.548000"
"696","7.714286","3381473.999757","43.959162","2026-04-25 00:34:09.930000"
"697","7.57142899999999","2234149.144246","29.043939","2026-04-25 00:34:12.164000"
"698","7.57142899999999","3305862.390078","42.976211","2026-04-25 00:34:15.470000"
"699","7.066667","2433886.068208","34.074405","2026-04-25 00:34:17.904000"
"700","7.57142899999999","1851217.691715","24.06583","2026-04-25 00:34:19.755000"
"701","7.57142899999999","4547083.0844","59.11208","2026-04-25 00:34:24.302000"
"702","7.714286","2230184.463354","28.992398","2026-04-25 00:34:26.532000"
"703","7.57142899999999","4074648.692058","52.9704329999999","2026-04-25 00:34:30.607000"
"704","7.57142899999999","2073026.070228","26.949339","2026-04-25 00:34:32.680000"
"705","7.57142899999999","925987.68381","12.03784","2026-04-25 00:34:33.606000"
"706","6.625","332633.876801","4.989508","2026-04-25 00:34:33.939000"
"707","7.57142899999999","3307205.383594","42.99367","2026-04-25 00:34:37.246000"
"708","7.066667","495045.798165","6.930641","2026-04-25 00:34:37.741000"
"709","7.57142899999999","1684401.16368799","21.897215","2026-04-25 00:34:39.425000"
"710","6.625","1332244.39621","19.983666","2026-04-25 00:34:40.757000"
"711","7.57142899999999","3235234.315579","42.058046","2026-04-25 00:34:43.993000"
"712","7.57142899999999","4073506.703744","52.955587","2026-04-25 00:34:48.066000"
"713","7.57142899999999","4085642.22776","53.113349","2026-04-25 00:34:52.152000"
"714","7.714286","1156443.999364","15.033772","2026-04-25 00:34:53.308000"
"715","7.57142899999999","4769446.446345","62.002804","2026-04-25 00:34:58.078000"
"716","7.57142899999999","3393646.001816","44.117398","2026-04-25 00:35:01.471000"
"717","7.714286","4533067.776607","58.929881","2026-04-25 00:35:06.004000"
"718","7.714286","926628.076113","12.046165","2026-04-25 00:35:06.931000"
"719","7.714286","4165989.215557","54.15786","2026-04-25 00:35:11.097000"
"720","7.714286","4389751.305947","57.066767","2026-04-25 00:35:15.487000"
"721","7.714286","2776490.688324","36.094379","2026-04-25 00:35:18.263000"
"722","7.714286","232297.6956","3.01987","2026-04-25 00:35:18.496000"
"723","7.714286","3999817.444728","51.997627","2026-04-25 00:35:22.495000"
"724","7.714286","4537896.853227","58.992659","2026-04-25 00:35:27.033000"
"725","7.714286","926665.141032","12.046647","2026-04-25 00:35:27.960000"
"726","7.714286","1532632.534321","19.924223","2026-04-25 00:35:29.493000"
"727","7.57142899999999","1839909.24175","23.91882","2026-04-25 00:35:31.333000"
"728","7.57142899999999","3699274.466588","48.090568","2026-04-25 00:35:35.032000"
"729","7.57142899999999","4004885.526804","52.063512","2026-04-25 00:35:39.037000"
"730","7.714286","617751.396619","8.030768","2026-04-25 00:35:39.654000"
"731","7.57142899999999","221469.457333","2.879103","2026-04-25 00:35:39.876000"
"732","7.57142899999999","1844190.377455","23.974475","2026-04-25 00:35:41.720000"
"733","7.714286","530352.078951","6.894577","2026-04-25 00:35:42.250000"
"734","7.714286","3852220.168481","50.078862","2026-04-25 00:35:46.103000"
"735","7.714286","993672.847748","12.917747","2026-04-25 00:35:47.096000"
"736","7.57142899999999","694585.378352999","9.02961","2026-04-25 00:35:47.791000"
"737","7.57142899999999","608858.383619","7.915159","2026-04-25 00:35:48.400000"
"738","7.57142899999999","1619155.076834","21.049016","2026-04-25 00:35:50.019000"
"739","7.714286","2388058.534035","31.044761","2026-04-25 00:35:52.407000"
"740","7.57142899999999","2993804.693222","38.919461","2026-04-25 00:35:55.401000"
"741","7.57142899999999","2237503.455235","29.087545","2026-04-25 00:35:57.638000"
"742","7.57142899999999","3388807.461812","44.054497","2026-04-25 00:36:01.027000"
"743","7.714286","2304579.386344","29.959532","2026-04-25 00:36:03.332000"
"744","7.714286","3006684.321624","39.086896","2026-04-25 00:36:06.338000"
"745","7.714286","3309688.146298","43.025946","2026-04-25 00:36:09.648000"
"746","7.714286","2386626.005173","31.026138","2026-04-25 00:36:12.035000"
"747","7.714286","923312.847431","12.003067","2026-04-25 00:36:12.958000"
"748","7.714286","3306897.145051","42.989663","2026-04-25 00:36:16.265000"
"749","7.714286","310186.551167","4.032425","2026-04-25 00:36:16.575000"
"750","7.714286","2613036.687558","33.969477","2026-04-25 00:36:19.188000"
"751","7.714286","541887.466723999","7.04453699999999","2026-04-25 00:36:19.730000"
"752","7.714286","2229538.550744","28.984001","2026-04-25 00:36:21.960000"
"753","7.714286","3765629.071456","48.953178","2026-04-25 00:36:25.725000"
"754","7.714286","4536025.835918","58.968336","2026-04-25 00:36:30.261000"
"755","7.57142899999999","3689718.998395","47.966347","2026-04-25 00:36:33.951000"
"756","7.714286","386083.309467","5.019083","2026-04-25 00:36:34.337000"
"757","7.714286","233028.063407","3.029365","2026-04-25 00:36:34.570000"
"758","7.714286","458817.922152","5.964633","2026-04-25 00:36:35.029000"
"759","7.57142899999999","1546879.071456","20.109428","2026-04-25 00:36:36.576000"
"760","7.57142899999999","2388301.684306","31.047922","2026-04-25 00:36:38.964000"
"761","7.57142899999999","2079488.314115","27.033348","2026-04-25 00:36:41.044000"
"762","7.57142899999999","3303872.383558","42.950341","2026-04-25 00:36:44.347000"
"763","7.714286","3316726.996348","43.117451","2026-04-25 00:36:47.664000"
"764","7.57142899999999","4316000.938416","56.108012","2026-04-25 00:36:51.980000"
"765","7.714286","2388619.074455","31.052048","2026-04-25 00:36:54.369000"
"766","7.714286","3534829.378128","45.952782","2026-04-25 00:36:57.904000"
"767","7.714286","2006837.459711","26.088887","2026-04-25 00:36:59.910000"
"768","7.714286","3454975.916789","44.914687","2026-04-25 00:37:03.365000"
"769","7.714286","3843447.758601","49.964821","2026-04-25 00:37:07.209000"
"770","7.2","1001522.064209","14.021309","2026-04-25 00:37:08.210000"
"771","7.714286","919194.771693","11.949532","2026-04-25 00:37:09.130000"
"772","7.714286","3775320.07144","49.079161","2026-04-25 00:37:12.905000"
"773","7.714286","3083566.078773","40.086359","2026-04-25 00:37:15.988000"
"774","7.714286","1003389.853698","13.044068","2026-04-25 00:37:16.992000"
"775","7.714286","2925135.612488","38.026763","2026-04-25 00:37:19.917000"
"776","7.714286","1844051.764562","23.972673","2026-04-25 00:37:21.761000"
"777","7.714286","3693890.003058","48.02057","2026-04-25 00:37:25.455000"
"778","7.714286","2301535.001168","29.919955","2026-04-25 00:37:27.756000"
"779","7.714286","2390627.384186","31.078156","2026-04-25 00:37:30.147000"
"780","7.714286","839475.228235999","10.913178","2026-04-25 00:37:30.987000"
"781","7.714286","2151848.297853","27.974028","2026-04-25 00:37:33.138000"
"782","7.714286","1697763.626392","22.070927","2026-04-25 00:37:34.836000"
"783","7.714286","1151213.224118","14.965772","2026-04-25 00:37:35.987000"
"784","7.714286","2613528.691805","33.975873","2026-04-25 00:37:38.601000"
"785","7.714286","1774305.472007","23.065971","2026-04-25 00:37:40.375000"
"786","7.714286","4624630.011045","60.12019","2026-04-25 00:37:45.000000"
"787","7.714286","4152541.307303","53.983037","2026-04-25 00:37:49.152000"
"788","7.714286","2534059.304457","32.942771","2026-04-25 00:37:51.686000"
"789","7.714286","3538776.452725","46.004094","2026-04-25 00:37:55.225000"
"790","7.714286","4146026.152831","53.89834","2026-04-25 00:37:59.371000"
"791","7.714286","690868.469385","8.98129","2026-04-25 00:38:00.062000"
"792","7.714286","771948.300875","10.035328","2026-04-25 00:38:00.834000"
"793","7.714286","768943.163065","9.996261","2026-04-25 00:38:01.603000"
"794","7.714286","3148109.692794","40.925426","2026-04-25 00:38:04.751000"
"795","7.714286","1776886.536525","23.099525","2026-04-25 00:38:06.528000"
"796","7.714286","3541482.613637","46.039274","2026-04-25 00:38:10.069000"
"797","7.714286","918561.220169","11.941296","2026-04-25 00:38:10.988000"
"798","7.714286","1609606.449421","20.924884","2026-04-25 00:38:12.598000"
"799","7.714286","4466844.760455","58.068982","2026-04-25 00:38:17.064000"
"800","7.714286","1308679.855787","17.012838","2026-04-25 00:38:18.373000"
"801","7.714286","2003952.851662","26.051387","2026-04-25 00:38:20.377000"
"802","7.714286","4623932.471642","60.111122","2026-04-25 00:38:25.001000"
"803","7.714286","1004037.526938","13.052488","2026-04-25 00:38:26.005000"
"804","7.428571","3225842.219133","41.935949","2026-04-25 00:38:29.231000"
"805","7.428571","2542465.998576","33.052058","2026-04-25 00:38:31.773000"
"806","7.714286","3776771.60043","49.098031","2026-04-25 00:38:35.550000"
"807","7.428571","2687822.617017","34.941694","2026-04-25 00:38:38.238000"
"808","7.428571","3466305.090831","45.061966","2026-04-25 00:38:41.704000"
"809","7.428571","2618610.767218","34.04194","2026-04-25 00:38:44.323000"
"810","7.428571","2459713.679094","31.976278","2026-04-25 00:38:46.783000"
"811","7.428571","4153473.542287","53.995156","2026-04-25 00:38:50.936000"
"812","7.428571","771414.536696","10.028389","2026-04-25 00:38:51.707000"
"813","7.428571","3610866.931769","46.94127","2026-04-25 00:38:55.318000"
"814","7.428571","2764180.458509","35.934346","2026-04-25 00:38:58.083000"
"815","7.428571","1765892.615685","22.956604","2026-04-25 00:38:59.848000"
"816","7.428571","2536208.776327","32.970714","2026-04-25 00:39:02.385000"
"817","7.428571","847269.700124","11.014506","2026-04-25 00:39:03.232000"
"818","7.714286","4695055.539791","61.035722","2026-04-25 00:39:07.927000"
"819","7.428571","4622482.538223","60.092273","2026-04-25 00:39:12.549000"
"820","7.428571","4236242.147592","55.071148","2026-04-25 00:39:16.786000"
"821","7.428571","4535205.91442399","58.957677","2026-04-25 00:39:21.321000"
"822","7.714286","2538022.756577","32.994296","2026-04-25 00:39:23.859000"
"823","7.714286","3080287.163074","40.043733","2026-04-25 00:39:26.939000"
"824","7.428571","1764015.142734","22.932197","2026-04-25 00:39:28.703000"
"825","7.714286","2002637.312962","26.034285","2026-04-25 00:39:30.706000"
"826","7.428571","4765914.770273","61.956892","2026-04-25 00:39:35.472000"
"827","7.428571","3776504.149804","49.094554","2026-04-25 00:39:39.248000"
"828","7.428571","3156004.538903","41.028059","2026-04-25 00:39:42.404000"
"829","7.428571","4534933.457008","58.954135","2026-04-25 00:39:46.939000"
"830","7.428571","1619818.082223","21.057635","2026-04-25 00:39:48.559000"
"831","7.2","2646584.851401","37.052188","2026-04-25 00:39:51.206000"
"832","7.428571","2771824.451593","36.033718","2026-04-25 00:39:53.977000"
"833","7.428571","3932858.998959","51.127167","2026-04-25 00:39:57.910000"
"834","7.714286","230503.687492","2.996548","2026-04-25 00:39:58.141000"
"835","7.714286","2994083.60628","38.923087","2026-04-25 00:40:01.135000"
"836","7.714286","4234818.293498","55.052638","2026-04-25 00:40:05.370000"
"837","7.714286","1619998.986904","21.059987","2026-04-25 00:40:06.990000"
"838","7.714286","1225283.769461","15.928689","2026-04-25 00:40:08.215000"
"839","7.714286","691460.00422","8.98898","2026-04-25 00:40:08.906000"
"840","7.714286","3845953.07937","49.99739","2026-04-25 00:40:12.752000"
"841","7.714286","3542338.609695","46.050402","2026-04-25 00:40:16.295000"
"842","7.428571","843184.54449","10.961399","2026-04-25 00:40:17.138000"
"843","7.714286","3081918.624731","40.064942","2026-04-25 00:40:20.220000"
"844","7.714286","3081131.458282","40.054709","2026-04-25 00:40:23.301000"
"845","7.714286","2157199.69456","28.043596","2026-04-25 00:40:25.458000"
"846","7.714286","2923554.768929","38.006212","2026-04-25 00:40:28.382000"
"847","6.75","3129533.195496","46.942998","2026-04-25 00:40:31.511000"
"848","7.428571","2938512.013509","38.200656","2026-04-25 00:40:34.450000"
"849","8.307692","199008.246263","2.388099","2026-04-25 00:40:34.649000"
"850","6.875","4137329.546611","62.059943","2026-04-25 00:40:38.786000"
"851","7.125","4143162.202835","62.1474329999999","2026-04-25 00:40:42.929000"
"852","7.125","4137806.987762","62.067105","2026-04-25 00:40:47.067000"
"853","6.875","4142974.265416","62.144614","2026-04-25 00:40:51.210000"
"854","6.875","4137362.670898","62.06044","2026-04-25 00:40:55.347000"
"855","7.125","4136758.263906","62.051374","2026-04-25 00:40:59.484000"
"856","7.125","4131427.192688","61.971408","2026-04-25 00:41:03.616000"
"857","7.125","4145983.123779","62.189747","2026-04-25 00:41:07.762000"
"858","7.125","4140343.936284","62.1051589999999","2026-04-25 00:41:11.902000"
"859","7.125","4140875.27593","62.113129","2026-04-25 00:41:16.043000"
"860","7.125","4131487.878164","61.972318","2026-04-25 00:41:20.174000"
"861","7.125","4142976.077398","62.144641","2026-04-25 00:41:24.317000"
"862","7.125","4136891.539892","62.053373","2026-04-25 00:41:28.454000"
"863","7.125","4131541.411082","61.973121","2026-04-25 00:41:32.586000"
"864","6.875","4139170.789719","62.087562","2026-04-25 00:41:36.725000"
"865","6.875","4131647.062302","61.974706","2026-04-25 00:41:40.857000"
"866","7.125","4135829.337438","62.03744","2026-04-25 00:41:44.992000"
"867","7.125","4128401.199977","61.926018","2026-04-25 00:41:49.121000"
"868","7.125","4137708.997726","62.065635","2026-04-25 00:41:53.258000"
"869","7.125","4131904.856364","61.978573","2026-04-25 00:41:57.390000"
"870","7.125","4138100.274404","62.071504","2026-04-25 00:42:01.528000"
"871","6.875","4130689.811707","61.960347","2026-04-25 00:42:05.659000"
"872","6.875","4137524.398168","62.062866","2026-04-25 00:42:09.797000"
"873","6.875","4135412.867864","62.031193","2026-04-25 00:42:13.932000"
"874","7.125","4134472.052256","62.017081","2026-04-25 00:42:18.067000"
"875","7.125","4139556.741714","62.093351","2026-04-25 00:42:22.206000"
"876","8.142857","4769450.077644","62.002851","2026-04-25 00:42:26.976000"
"877","7.125","4136936.998367","62.054055","2026-04-25 00:42:31.113000"
"878","7.125","4139478.810628","62.092182","2026-04-25 00:42:35.252000"
"879","7.125","4132010.666529","61.98016","2026-04-25 00:42:39.384000"
"880","7.125","4139480.527242","62.0922079999999","2026-04-25 00:42:43.523000"
"881","7.125","4148837.200801","62.232558","2026-04-25 00:42:47.672000"
"882","7.052632","3456052.660942","62.208948","2026-04-25 00:42:51.128000"
"883","7.125","4138631.470998","62.079472","2026-04-25 00:42:55.267000"
"884","7.125","4140548.467636","62.108227","2026-04-25 00:42:59.408000"
"885","7.125","4131251.811981","61.968777","2026-04-25 00:43:03.539000"
"886","7.125","4131493.202845","61.972398","2026-04-25 00:43:07.670000"
"887","7.125","4139720.996221","62.095815","2026-04-25 00:43:11.810000"
"888","7.125","4136842.393875","62.052636","2026-04-25 00:43:15.947000"
"889","8.142857","4781642.913818","62.1613579999999","2026-04-25 00:43:20.729000"
"890","7.125","4131499.735514","61.972496","2026-04-25 00:43:24.860000"
"891","7.125","4134383.328756","62.01575","2026-04-25 00:43:28.994000"
"892","7.125","4129042.402903","61.935636","2026-04-25 00:43:33.123000"
"893","7.125","4136826.197306","62.052393","2026-04-25 00:43:37.260000"
"894","7.125","4130770.667394","61.96156","2026-04-25 00:43:41.391000"
"895","7.125","4130177.132289","61.952657","2026-04-25 00:43:45.521000"
"896","8.142857","4773232.918519","62.052028","2026-04-25 00:43:50.294000"
"897","8.142857","4769865.622887","62.008253","2026-04-25 00:43:55.064000"
"898","7.125","4131443.802516","61.9716569999999","2026-04-25 00:43:59.196000"
"899","7.125","4136019.738515","62.040296","2026-04-25 00:44:03.332000"
"900","7.125","4133818.467458","62.007277","2026-04-25 00:44:07.466000"
"901","7.125","4131704.87086","61.975573","2026-04-25 00:44:11.597000"
"902","7.125","4135727.34197","62.03591","2026-04-25 00:44:15.733000"
"903","7.125","4139900.255203","62.098504","2026-04-25 00:44:19.873000"
"904","7.125","4134623.940786","62.019359","2026-04-25 00:44:24.008000"
"905","7.125","4135642.337799","62.034635","2026-04-25 00:44:28.143000"
"906","7.125","4132814.137141","61.992212","2026-04-25 00:44:32.276000"
"907","7.125","4139406.522115","62.091098","2026-04-25 00:44:36.415000"
"908","7.125","4155120.46814","62.326807","2026-04-25 00:44:40.571000"
"909","7.125","4146284.866333","62.194273","2026-04-25 00:44:44.717000"
"910","7.125","4141861.057281","62.127916","2026-04-25 00:44:48.859000"
"911","7.125","4135598.595937","62.033979","2026-04-25 00:44:52.994000"
"912","7.125","4132589.276632","61.988839","2026-04-25 00:44:57.127000"
"913","7.125","4136047.39507","62.040711","2026-04-25 00:45:01.263000"
"914","7.125","4134104.124705","62.011562","2026-04-25 00:45:05.397000"
"915","7.125","4138418.658574","62.07628","2026-04-25 00:45:09.535000"
"916","6.705882","3878013.938665","62.048223","2026-04-25 00:45:13.413000"
"917","7.125","4141561.667124","62.123425","2026-04-25 00:45:17.555000"
"918","7.125","4139904.594421","62.098569","2026-04-25 00:45:21.695000"
"919","7.125","4129995.393753","61.949931","2026-04-25 00:45:25.825000"
"920","7.125","4136774.206161","62.051613","2026-04-25 00:45:29.962000"
"921","8","4767175.931197","61.973287","2026-04-25 00:45:34.729000"
"922","7","4130136.934916","61.952054","2026-04-25 00:45:38.859000"
"923","7","4133562.612534","62.003439","2026-04-25 00:45:42.993000"
"924","8","4766988.387475","61.970849","2026-04-25 00:45:47.760000"
"925","7","4130971.272786","61.964569","2026-04-25 00:45:51.891000"
"926","7","4130009.539922","61.950143","2026-04-25 00:45:56.021000"
"927","7","4131601.06341","61.974016","2026-04-25 00:46:00.152000"
"928","8","4772892.841926","62.0476069999999","2026-04-25 00:46:04.925000"
"929","7","4136926.603317","62.053899","2026-04-25 00:46:09.062000"
"930","7","4130560.859044","61.958413","2026-04-25 00:46:13.193000"
"931","7","4136887.534459","62.053313","2026-04-25 00:46:17.329000"
"932","7","4129464.610418","61.9419689999999","2026-04-25 00:46:21.459000"
"933","7","4139967.934291","62.099519","2026-04-25 00:46:25.599000"
"934","7","4131366.062164","61.970491","2026-04-25 00:46:29.730000"
"935","7","4129555.273056","61.943329","2026-04-25 00:46:33.860000"
"936","7","4136915.206909","62.053728","2026-04-25 00:46:37.997000"
"937","7.125","4147190.062205","62.207851","2026-04-25 00:46:42.144000"
"938","7.125","4138498.131434","62.077472","2026-04-25 00:46:46.282000"
"939","7.125","4134237.25764","62.013559","2026-04-25 00:46:50.417000"
"940","8.142857","4775067.604505","62.075879","2026-04-25 00:46:55.192000"
"941","7.125","4139742.867152","62.096143","2026-04-25 00:46:59.331000"
"942","7.125","4131632.471085","61.974487","2026-04-25 00:47:03.463000"
"943","7","4140354.808172","62.105322","2026-04-25 00:47:07.603000"
"944","7.125","4132020.266851","61.980304","2026-04-25 00:47:11.735000"
"945","7.125","4131547.276179","61.973209","2026-04-25 00:47:15.867000"
"946","8.142857","4773068.923217","62.049896","2026-04-25 00:47:20.640000"
"947","7.125","4141850.074132","62.127751","2026-04-25 00:47:24.782000"
"948","7.125","4140681.743622","62.110226","2026-04-25 00:47:28.923000"
"949","7.125","4126666.402817","61.899996","2026-04-25 00:47:33.049000"
"950","7.125","4138337.469101","62.075062","2026-04-25 00:47:37.188000"
"951","7.125","4136813.402176","62.052201","2026-04-25 00:47:41.324000"
"952","7.125","4134239.466985","62.013592","2026-04-25 00:47:45.459000"
"953","7.125","4134194.866816","62.012923","2026-04-25 00:47:49.593000"
"954","8.142857","4765284.70332799","61.948701","2026-04-25 00:47:54.358000"
"955","7.125","4131345.796585","61.970187","2026-04-25 00:47:58.489000"
"956","7.125","4141028.197606","62.115423","2026-04-25 00:48:02.630000"
"957","7.125","4131442.467372","61.971637","2026-04-25 00:48:06.762000"
"958","7.125","4133657.868703","62.004868","2026-04-25 00:48:10.896000"
"959","7.125","4129100.942612","61.936514","2026-04-25 00:48:15.025000"
"960","7.125","4130169.804891","61.952547","2026-04-25 00:48:19.155000"
"961","7.125","4131587.998072","61.97382","2026-04-25 00:48:23.286000"
"962","7.125","4132061.386108","61.980921","2026-04-25 00:48:27.418000"
"963","7.125","4140665.737788","62.109986","2026-04-25 00:48:31.559000"
"964","7.125","4136759.471893","62.051392","2026-04-25 00:48:35.696000"
"965","8.142857","4773452.61207","62.054884","2026-04-25 00:48:40.469000"
"966","8.142857","4769191.39348499","61.999488","2026-04-25 00:48:45.239000"
"967","7.125","4144960.276286","62.174404","2026-04-25 00:48:49.384000"
"968","7.125","4140331.538518","62.104973","2026-04-25 00:48:53.524000"
"969","6.333333","3650504.476884","62.058576","2026-04-25 00:48:57.174000"
"970","7.125","4139571.603139","62.093574","2026-04-25 00:49:01.314000"
"971","7.125","4131335.194906","61.970028","2026-04-25 00:49:05.445000"
"972","7.125","4134106.461207","62.011597","2026-04-25 00:49:09.579000"
"973","7.125","4139418.125153","62.091272","2026-04-25 00:49:13.719000"
"974","7.125","4137028.408051","62.055426","2026-04-25 00:49:17.856000"
"975","7.125","4131375.805537","61.970637","2026-04-25 00:49:21.987000"
"976","7.125","4131441.863378","61.971628","2026-04-25 00:49:26.119000"
"977","7.125","4130040.740967","61.950611","2026-04-25 00:49:30.249000"
"978","7.125","4131344.000498","61.97016","2026-04-25 00:49:34.380000"
"979","7.125","4131480.137507","61.972202","2026-04-25 00:49:38.511000"
"980","7.125","4139873.409271","62.098101","2026-04-25 00:49:42.651000"
"981","7.125","4131611.267726","61.974169","2026-04-25 00:49:46.783000"
"982","7.125","4131562.455495","61.973437","2026-04-25 00:49:50.915000"
"983","7.125","4131271.473567","61.969072","2026-04-25 00:49:55.046000"
"984","7.125","4136699.326833","62.05049","2026-04-25 00:49:59.183000"
"985","7.125","4137266.667684","62.059","2026-04-25 00:50:03.320000"
"986","7.125","4131731.796265","61.975977","2026-04-25 00:50:07.452000"
"987","6.875","4137216.86999","62.058253","2026-04-25 00:50:11.589000"
"988","6.875","4131337.738037","61.970066","2026-04-25 00:50:15.720000"
"989","6.875","4131525.468826","61.9728819999999","2026-04-25 00:50:19.852000"
"990","6.875","4136851.453781","62.052772","2026-04-25 00:50:23.988000"
"991","6.875","4131482.330958","61.972235","2026-04-25 00:50:28.120000"
"992","6.875","4139963.801702","62.099457","2026-04-25 00:50:32.260000"
"993","6.875","4134886.995951","62.023305","2026-04-25 00:50:36.395000"
"994","6.875","4136778.004964","62.05167","2026-04-25 00:50:40.532000"
"995","6.875","4136619.853973","62.049298","2026-04-25 00:50:44.668000"
"996","6.875","4138171.593348","62.072574","2026-04-25 00:50:48.806000"
"997","6.875","4138120.524089","62.071808","2026-04-25 00:50:52.944000"
"998","7.85714299999999","4771185.78324","62.025415","2026-04-25 00:50:57.716000"
"999","6.875","4137089.792887","62.056347","2026-04-25 00:51:01.853000"
"1000","7.125","4136898.326874","62.053475","2026-04-25 00:51:05.990000"
"1001","6.875","4136430.263519","62.046454","2026-04-25 00:51:10.126000"
"1002","6.705882","3878595.814109","62.0575329999999","2026-04-25 00:51:14.005000"
"1003","7.125","4129507.462184","61.942612","2026-04-25 00:51:18.134000"
"1004","7.125","4136636.193593","62.049543","2026-04-25 00:51:22.271000"
"1005","7.125","4129245.328903","61.93868","2026-04-25 00:51:26.400000"
"1006","7.125","4136671.336492","62.05007","2026-04-25 00:51:30.537000"
"1007","7.125","4134560.998281","62.018415","2026-04-25 00:51:34.671000"
"1008","7.125","4131639.33754","61.97459","2026-04-25 00:51:38.803000"
"1009","7.125","4131477.657954","61.972165","2026-04-25 00:51:42.934000"
"1010","6.875","4136830.393473","62.052456","2026-04-25 00:51:47.071000"
"1011","7.125","4136998.669306","62.05498","2026-04-25 00:51:51.208000"
"1012","7.125","4139311.059316","62.089666","2026-04-25 00:51:55.348000"
"1013","7.6","4432944.07640199","62.061217","2026-04-25 00:51:59.780000"
"1014","7.125","4142058.006922","62.13087","2026-04-25 00:52:03.923000"
"1015","6.333333","3644272.762186","61.952637","2026-04-25 00:52:07.567000"
"1016","7.125","4132824.929555","61.992374","2026-04-25 00:52:11.700000"
"1017","8.142857","4773640.61429","62.057328","2026-04-25 00:52:16.473000"
"1018","7.125","4137141.466141","62.057122","2026-04-25 00:52:20.610000"
"1019","7.125","4135318.53358","62.029778","2026-04-25 00:52:24.746000"
"1020","7.125","4138787.730535","62.081816","2026-04-25 00:52:28.885000"
"1021","7.125","4133821.725845","62.007326","2026-04-25 00:52:33.018000"
"1022","7.125","4140965.795517","62.114487","2026-04-25 00:52:37.159000"
"1023","7.125","4131239.732107","61.968596","2026-04-25 00:52:41.291000"
"1024","7.125","4136192.146937","62.0428819999999","2026-04-25 00:52:45.427000"
"1025","7.125","4142620.992661","62.139315","2026-04-25 00:52:49.569000"
"1026","7.125","4133599.599202","62.0039939999999","2026-04-25 00:52:53.703000"
"1027","7.125","4137064.266205","62.055964","2026-04-25 00:52:57.840000"
"1028","6.705882","3878422.692418","62.054763","2026-04-25 00:53:01.718000"
"1029","8.142857","4767056.00665199","61.971728","2026-04-25 00:53:06.486000"
"1030","7.125","4131434.599559","61.971519","2026-04-25 00:53:10.617000"
"1031","7.125","4131627.130508","61.9744069999999","2026-04-25 00:53:14.749000"
"1032","7.125","4131405.798594","61.971087","2026-04-25 00:53:18.880000"
"1033","7.125","4136819.934845","62.052299","2026-04-25 00:53:23.017000"
"1034","7","4136804.660161","62.0520699999999","2026-04-25 00:53:27.154000"
"1035","7.125","4131400.203705","61.971003","2026-04-25 00:53:31.285000"
"1036","7.125","4136973.063151","62.054596","2026-04-25 00:53:35.422000"
"1037","6.222222","3650134.002461","62.052278","2026-04-25 00:53:39.072000"
"1038","8.142857","4770275.996282","62.013588","2026-04-25 00:53:43.842000"
"1039","7","4132587.734858","61.988816","2026-04-25 00:53:47.975000"
"1040","7.125","4131532.335281","61.972985","2026-04-25 00:53:52.107000"
"1041","7.125","4130004.994075","61.950075","2026-04-25 00:53:56.237000"
"1042","7","4136827.802658","62.052417","2026-04-25 00:54:00.373000"
"1043","7","4138882.668813","62.08324","2026-04-25 00:54:04.512000"
"1044","7","4136863.994598","62.05296","2026-04-25 00:54:08.649000"
"1045","7","4134550.476074","62.018257","2026-04-25 00:54:12.784000"
"1046","7","4134856.128693","62.022842","2026-04-25 00:54:16.918000"
"1047","7","4131647.920609","61.9747189999999","2026-04-25 00:54:21.050000"
"1048","7","4136831.871668","62.052478","2026-04-25 00:54:25.187000"
"1049","8","4767130.778386","61.9727","2026-04-25 00:54:29.954000"
"1050","7","4140099.732081","62.101496","2026-04-25 00:54:34.094000"
"1051","7","4133461.602529","62.001924","2026-04-25 00:54:38.228000"
"1052","7.125","4134398.937225","62.015984","2026-04-25 00:54:42.362000"
"1053","7.125","4137694.994609","62.065425","2026-04-25 00:54:46.500000"
"1054","7.125","4136376.730601","62.045651","2026-04-25 00:54:50.636000"
"1055","7.125","4132569.805781","61.988547","2026-04-25 00:54:54.769000"
"1056","7.125","4136803.340912","62.05205","2026-04-25 00:54:58.906000"
"1057","6.705882","3878301.754594","62.052828","2026-04-25 00:55:02.784000"
"1058","7.125","4131753.667196","61.976305","2026-04-25 00:55:06.916000"
"1059","8.142857","4767092.007857","61.972196","2026-04-25 00:55:11.683000"
"1060","7.125","4134781.074524","62.021716","2026-04-25 00:55:15.817000"
"1061","7.125","4136845.000585","62.052675","2026-04-25 00:55:19.954000"
"1062","7.125","4139542.99291","62.0931449999999","2026-04-25 00:55:24.094000"
"1063","7.125","4139756.520589","62.096348","2026-04-25 00:55:28.234000"
"1064","7.125","4131575.600306","61.973634","2026-04-25 00:55:32.365000"
"1065","7.125","4138577.604294","62.078664","2026-04-25 00:55:36.504000"
"1066","7.125","4129895.130793","61.948427","2026-04-25 00:55:40.634000"
"1067","8.142857","4766534.145062","61.964944","2026-04-25 00:55:45.400000"
"1068","7.125","4132751.337687","61.9912699999999","2026-04-25 00:55:49.533000"
"1069","7.125","4135699.66952","62.035495","2026-04-25 00:55:53.669000"
"1070","6.333333","3645597.528009","61.9751579999999","2026-04-25 00:55:57.314000"
"1071","7.125","4138380.19371","62.075703","2026-04-25 00:56:01.453000"
"1072","7.125","4132279.872894","61.984198","2026-04-25 00:56:05.585000"
"1073","7.125","4131047.137578","61.965707","2026-04-25 00:56:09.716000"
"1074","7.125","4129544.671377","61.94317","2026-04-25 00:56:13.845000"
"1075","7.125","4128910.064697","61.933651","2026-04-25 00:56:17.974000"
"1076","7.125","4130071.528753","61.951073","2026-04-25 00:56:22.104000"
"1077","7.125","4136558.326085","62.048375","2026-04-25 00:56:26.241000"
"1078","7.125","4135572.465261","62.033587","2026-04-25 00:56:30.377000"
"1079","7.125","4131219.402949","61.968291","2026-04-25 00:56:34.508000"
"1080","7.125","4135428.333282","62.031425","2026-04-25 00:56:38.643000"
"1081","6.875","4136418.120066","62.046272","2026-04-25 00:56:42.780000"
"1082","6.875","4133557.271957","62.003359","2026-04-25 00:56:46.913000"
"1083","6.875","4149431.610107","62.241474","2026-04-25 00:56:51.063000"
"1084","6.875","4138596.995672","62.078955","2026-04-25 00:56:55.201000"
"1085","6.875","4131662.925084","61.974944","2026-04-25 00:56:59.333000"
"1086","6.875","4136744.674047","62.0511699999999","2026-04-25 00:57:03.470000"
"1087","6.47058799999999","3872882.753611","61.966124","2026-04-25 00:57:07.343000"
"1088","6.875","4136813.131968","62.052197","2026-04-25 00:57:11.479000"
"1089","6.47058799999999","3873598.6799","61.977579","2026-04-25 00:57:15.353000"
"1090","6.875","4135444.863637","62.031673","2026-04-25 00:57:19.488000"
"1091","6.875","4136750.268936","62.051254","2026-04-25 00:57:23.625000"
"1092","7.125","4139847.2627","62.097709","2026-04-25 00:57:27.765000"
"1093","7.125","4137124.331792","62.056865","2026-04-25 00:57:31.902000"
"1094","7.125","4136843.395233","62.052651","2026-04-25 00:57:36.039000"
"1095","7.125","4130158.265432","61.952374","2026-04-25 00:57:40.169000"
"1096","7.125","4138190.857569","62.072863","2026-04-25 00:57:44.307000"
"1097","7.125","4134488.725662","62.017331","2026-04-25 00:57:48.442000"
"1098","7.125","4136959.53687","62.054393","2026-04-25 00:57:52.579000"
"1099","7.125","4131795.26329","61.976929","2026-04-25 00:57:56.711000"
"1100","7.125","4137093.877792","62.056408","2026-04-25 00:58:00.848000"
"1101","7.125","4131189.393997","61.967841","2026-04-25 00:58:04.979000"
"1102","7.125","4137055.206299","62.055828","2026-04-25 00:58:09.116000"
"1103","7.125","4136875.788371","62.053137","2026-04-25 00:58:13.253000"
"1104","7.125","4130964.930852","61.964474","2026-04-25 00:58:17.384000"
"1105","7.125","4133655.659358","62.004835","2026-04-25 00:58:21.517000"
"1106","7.125","4135906.998316","62.038605","2026-04-25 00:58:25.653000"
"1107","7.125","4137050.13593","62.055752","2026-04-25 00:58:29.790000"
"1108","7.125","4134455.728531","62.016836","2026-04-25 00:58:33.925000"
"1109","7.125","4138622.12499","62.079332","2026-04-25 00:58:38.063000"
"1110","7.125","4141513.665517","62.122705","2026-04-25 00:58:42.205000"
"1111","6.333333","3655312.005211","62.140304","2026-04-25 00:58:45.860000"
"1112","7.125","4144965.33076","62.17448","2026-04-25 00:58:50.005000"
"1113","7.125","4134697.802862","62.020467","2026-04-25 00:58:54.140000"
"1114","7.125","4137268.543243","62.059028","2026-04-25 00:58:58.277000"
"1115","6.705882","3876855.000854","62.02968","2026-04-25 00:59:02.154000"
"1116","7.125","4132365.0678","61.985476","2026-04-25 00:59:06.286000"
"1117","7.125","4131257.597605","61.968864","2026-04-25 00:59:10.418000"
"1118","6.705882","3876981.928945","62.031711","2026-04-25 00:59:14.295000"
"1119","7.125","4137061.341604","62.0559199999999","2026-04-25 00:59:18.432000"
"1120","7.125","4131536.197662","61.973043","2026-04-25 00:59:22.563000"
"1121","7.125","4131673.192978","61.975098","2026-04-25 00:59:26.695000"
"1122","7.125","4131368.001302","61.9705199999999","2026-04-25 00:59:30.826000"
"1123","6.333333","3647179.757848","62.002056","2026-04-25 00:59:34.473000"
"1124","8.142857","4777272.847983","62.104547","2026-04-25 00:59:39.251000"
"1125","7","4136863.19987","62.052948","2026-04-25 00:59:43.388000"
"1126","7","4136924.727758","62.053871","2026-04-25 00:59:47.524000"
"1127","7","4140952.332815","62.114285","2026-04-25 00:59:51.665000"
"1128","7","4135122.187932","62.026833","2026-04-25 00:59:55.801000"
"1129","7","4136864.344279","62.052965","2026-04-25 00:59:59.937000"
"1130","7","4137084.070841","62.056261","2026-04-25 01:00:04.075000"
"1131","7","4135327.212016","62.029908","2026-04-25 01:00:08.210000"
"1132","7","4129883.273443","61.948249","2026-04-25 01:00:12.340000"
"1133","7","4131363.677979","61.970455","2026-04-25 01:00:16.471000"
"1134","7","4131790.399551","61.976856","2026-04-25 01:00:20.603000"
"1135","7.125","4130309.724808","61.954646","2026-04-25 01:00:24.733000"
"1136","8","4766948.681611","61.970333","2026-04-25 01:00:29.500000"
"1137","7.125","4137321.074804","62.059816","2026-04-25 01:00:33.637000"
"1138","7.125","4130239.597956","61.953594","2026-04-25 01:00:37.768000"
"1139","7.125","4130305.544535","61.9545829999999","2026-04-25 01:00:41.898000"
"1140","7.125","4141521.263123","62.1228189999999","2026-04-25 01:00:46.040000"
"1141","8.142857","4786305.996088","62.221978","2026-04-25 01:00:50.826000"
"1142","6.705882","3881076.559424","62.097225","2026-04-25 01:00:54.707000"
"1143","6.333333","3647945.936988","62.015081","2026-04-25 01:00:58.355000"
"1144","7.125","4137825.934092","62.067389","2026-04-25 01:01:02.493000"
"1145","7.125","4139116.605123","62.086749","2026-04-25 01:01:06.632000"
"1146","7.125","4131543.254852","61.973149","2026-04-25 01:01:10.763000"
"1147","7.125","4137023.878098","62.055358","2026-04-25 01:01:14.900000"
"1148","7.125","4131263.065338","61.968946","2026-04-25 01:01:19.032000"
"1149","6.333333","3649408.522774","62.039945","2026-04-25 01:01:22.681000"
"1150","7.125","4136897.532145","62.053463","2026-04-25 01:01:26.818000"
"1151","7.125","4137092.987696","62.056395","2026-04-25 01:01:30.955000"
"1152","7.125","4131223.869324","61.968358","2026-04-25 01:01:35.086000"
"1153","7.125","4136860.338847","62.052905","2026-04-25 01:01:39.223000"
"1154","7.125","4141923.999786","62.12886","2026-04-25 01:01:43.365000"
"1155","7.125","4133265.14562","61.998977","2026-04-25 01:01:47.498000"
"1156","7.125","4131611.267726","61.974169","2026-04-25 01:01:51.630000"
"1157","7.125","4136986.668905","62.0548","2026-04-25 01:01:55.767000"
"1158","7.125","4131546.592712","61.973199","2026-04-25 01:01:59.898000"
"1159","7.125","4136795.05984","62.051926","2026-04-25 01:02:04.035000"
"1160","7.125","4136909.468969","62.053642","2026-04-25 01:02:08.172000"
"1161","7.125","4136030.721664","62.040461","2026-04-25 01:02:12.308000"
"1162","7.125","4132056.601842","61.980849","2026-04-25 01:02:16.440000"
"1163","7.125","4134953.069687","62.024296","2026-04-25 01:02:20.575000"
"1164","7.125","4137155.659993","62.057335","2026-04-25 01:02:24.712000"
"1165","7.125","4131819.200516","61.977288","2026-04-25 01:02:28.844000"
"1166","7.125","4136730.337143","62.050955","2026-04-25 01:02:32.981000"
"1167","6.705882","3873555.615544","61.97689","2026-04-25 01:02:36.854000"
"1168","7.125","4140420.675278","62.10631","2026-04-25 01:02:40.995000"
"1169","7.125","4132980.807622","61.994712","2026-04-25 01:02:45.128000"
"1170","7.125","4147786.331177","62.216795","2026-04-25 01:02:49.276000"
"1171","6.47058799999999","3871666.237712","61.94666","2026-04-25 01:02:53.147000"
"1172","6.875","4143357.928594","62.150369","2026-04-25 01:02:57.291000"
"1173","6.875","4131958.738963","61.979381","2026-04-25 01:03:01.423000"
"1174","6.875","4139410.527547","62.0911579999999","2026-04-25 01:03:05.562000"
"1175","6.875","4136665.932337","62.049989","2026-04-25 01:03:09.699000"
"1176","6.875","4131940.460205","61.9791069999999","2026-04-25 01:03:13.831000"
"1177","6.875","4131438.541412","61.971578","2026-04-25 01:03:17.962000"
"1178","7.125","4129596.598943","61.943949","2026-04-25 01:03:22.092000"
"1179","7.125","4136900.997162","62.053515","2026-04-25 01:03:26.229000"
"1180","8.142857","4767134.849842","61.972753","2026-04-25 01:03:30.996000"
"1181","7.125","4131606.197357","61.974093","2026-04-25 01:03:35.127000"
"1182","7.125","4131241.067251","61.968616","2026-04-25 01:03:39.259000"
"1183","7.125","4129620.059331","61.944301","2026-04-25 01:03:43.388000"
"1184","7.125","4136958.392461","62.054376","2026-04-25 01:03:47.525000"
"1185","7.125","4131496.334076","61.9724449999999","2026-04-25 01:03:51.657000"
"1186","7.125","4131438.668569","61.97158","2026-04-25 01:03:55.788000"
"1187","7.125","4137644.79955","62.064672","2026-04-25 01:03:59.926000"
"1188","7.125","4131722.466151","61.975837","2026-04-25 01:04:04.057000"
"1189","7.125","4129853.789012","61.947807","2026-04-25 01:04:08.187000"
"1190","7.125","4131692.870458","61.975393","2026-04-25 01:04:12.319000"
"1191","7.125","4134662.532806","62.019938","2026-04-25 01:04:16.454000"
"1192","7.125","4130974.340439","61.964615","2026-04-25 01:04:20.585000"
"1193","7.125","4131535.259883","61.973029","2026-04-25 01:04:24.716000"
"1194","7.125","4137124.474843","62.056867","2026-04-25 01:04:28.853000"
"1195","7.125","4131647.12588","61.974707","2026-04-25 01:04:32.985000"
"1196","8.142857","4772927.540999","62.048058","2026-04-25 01:04:37.758000"
"1197","7.125","4137060.864766","62.055913","2026-04-25 01:04:41.895000"
"1198","6.705882","3875771.507621","62.0123439999999","2026-04-25 01:04:45.771000"
"1199","7.125","4136070.267359","62.041054","2026-04-25 01:04:49.907000"
"1200","7.125","4144440.937042","62.166614","2026-04-25 01:04:54.051000"
"1201","7.125","4129869.270325","61.948039","2026-04-25 01:04:58.181000"
"1202","7.125","4131699.323654","61.97549","2026-04-25 01:05:02.313000"
"1203","7.125","4131672.732035","61.975091","2026-04-25 01:05:06.444000"
"1204","7.125","4129984.998703","61.949775","2026-04-25 01:05:10.574000"
"1205","7.125","4136604.992549","62.049075","2026-04-25 01:05:14.711000"
"1206","7.125","4131838.33758","61.977575","2026-04-25 01:05:18.843000"
"1207","7.125","4131678.009033","61.97517","2026-04-25 01:05:22.975000"
"1208","7.125","4129723.803202","61.945857","2026-04-25 01:05:27.104000"
"1209","8.142857","4765441.307655","61.950737","2026-04-25 01:05:31.870000"
"1210","7.125","4140688.403447","62.110326","2026-04-25 01:05:36.010000"
"1211","7.125","4129191.859563","61.937878","2026-04-25 01:05:40.140000"
"1212","7","4133416.27121","62.0012439999999","2026-04-25 01:05:44.273000"
"1213","7.125","4140371.068319","62.105566","2026-04-25 01:05:48.413000"
"1214","7.125","4136068.471273","62.041027","2026-04-25 01:05:52.549000"
"1215","7.125","4133162.260056","61.997434","2026-04-25 01:05:56.683000"
"1216","7.125","4137084.325155","62.056265","2026-04-25 01:06:00.820000"
"1217","7.125","4136951.875687","62.054278","2026-04-25 01:06:04.957000"
"1218","7.125","4140287.6695","62.104315","2026-04-25 01:06:09.097000"
"1219","7.125","4134937.397639","62.024061","2026-04-25 01:06:13.232000"
"1220","7.125","4137009.127935","62.055137","2026-04-25 01:06:17.369000"
"1221","7.125","4134446.795781","62.016702","2026-04-25 01:06:21.503000"
"1222","7.125","4137289.126714","62.059337","2026-04-25 01:06:25.641000"
"1223","8.142857","4775181.385187","62.077358","2026-04-25 01:06:30.416000"
"1224","7.125","4136630.805333","62.049462","2026-04-25 01:06:34.552000"
"1225","7.125","4133990.271886","62.009854","2026-04-25 01:06:38.686000"
"1226","7.125","4141270.589828","62.119059","2026-04-25 01:06:42.828000"
"1227","7.125","4131422.201792","61.971333","2026-04-25 01:06:46.959000"
"1228","7.125","4146520.805359","62.197812","2026-04-25 01:06:51.106000"
"1229","7.125","4134705.591202","62.020584","2026-04-25 01:06:55.240000"
"1230","7.125","4132182.20075","61.982733","2026-04-25 01:06:59.373000"
"1231","7.125","4131408.198675","61.971123","2026-04-25 01:07:03.504000"
"1232","7.125","4131876.532237","61.978148","2026-04-25 01:07:07.636000"
"1233","7.125","4134735.72731","62.021036","2026-04-25 01:07:11.771000"
"1234","7.125","4129817.406336","61.947261","2026-04-25 01:07:15.900000"
"1235","7.125","4141735.458374","62.126032","2026-04-25 01:07:20.042000"
"1236","7.125","4131456.788381","61.971852","2026-04-25 01:07:24.174000"
"1237","6.875","4140538.867315","62.1080829999999","2026-04-25 01:07:28.314000"
"1238","6.875","4136997.588476","62.054964","2026-04-25 01:07:32.451000"
"1239","6.875","4136900.726954","62.053511","2026-04-25 01:07:36.588000"
"1240","6.875","4131920.79862","61.978812","2026-04-25 01:07:40.720000"
"1241","7.333333","4426607.779094","61.972509","2026-04-25 01:07:45.147000"
"1242","6.875","4141930.135091","62.128952","2026-04-25 01:07:49.288000"
"1243","7.125","4131985.457738","61.9797819999999","2026-04-25 01:07:53.420000"
"1244","6.875","4140350.993474","62.105265","2026-04-25 01:07:57.561000"
"1245","7.125","4136802.403132","62.052036","2026-04-25 01:08:01.698000"
"1246","7.6","154558.862959","2.163824","2026-04-25 01:08:01.852000"
"1247","7.125","4136792.135239","62.0518819999999","2026-04-25 01:08:05.989000"
"1248","7.125","1596104.987462","23.941575","2026-04-25 01:08:07.585000"
"1249","7.125","4071173.938115","61.067609","2026-04-25 01:08:11.656000"
"1250","7.125","3731546.274821","55.9731939999999","2026-04-25 01:08:15.388000"
"1251","7.125","401415.793101","6.021237","2026-04-25 01:08:15.789000"
"1252","7.125","1672083.473206","25.081252","2026-04-25 01:08:17.461000"
"1253","7.125","2329679.473241","34.945192","2026-04-25 01:08:19.791000"
"1254","7.125","400149.536133","6.002243","2026-04-25 01:08:20.191000"
"1255","7.125","2135127.337774","32.02691","2026-04-25 01:08:22.326000"
"1256","7.125","1929878.266652","28.948174","2026-04-25 01:08:24.256000"
"1257","7.125","792147.334417","11.88221","2026-04-25 01:08:25.048000"
"1258","7.125","2128998.676936","31.93498","2026-04-25 01:08:27.177000"
"1259","7.125","3866603.740056","57.999056","2026-04-25 01:08:31.044000"
"1260","6.875","201079.797745","3.016197","2026-04-25 01:08:31.245000"
"1261","6.875","1736290.454865","26.044357","2026-04-25 01:08:32.981000"
"1262","6.875","331684.2556","4.975264","2026-04-25 01:08:33.313000"
"1263","6.875","400478.331248","6.007175","2026-04-25 01:08:33.713000"
"1264","6.875","2540186.405182","38.102796","2026-04-25 01:08:36.254000"
"1265","7.125","2804218.260447","42.063274","2026-04-25 01:08:39.058000"
"1266","6.875","1465022.865931","21.975343","2026-04-25 01:08:40.523000"
"1267","6.875","397154.267629","5.957314","2026-04-25 01:08:40.920000"
"1268","6.875","4131435.934703","61.971539","2026-04-25 01:08:45.051000"
"1269","6.875","995227.066676","14.928406","2026-04-25 01:08:46.047000"
"1270","6.875","2734454.743067","41.016821","2026-04-25 01:08:48.781000"
"1271","6.875","333669.471741","5.005042","2026-04-25 01:08:49.115000"
"1272","6.875","3538478.533427","53.077178","2026-04-25 01:08:52.653000"
"1273","6.875","2869723.924001","43.045859","2026-04-25 01:08:55.523000"
"1274","7.125","1328822.469711","19.932337","2026-04-25 01:08:56.852000"
"1275","7.125","1203401.406606","18.051021","2026-04-25 01:08:58.055000"
"1276","7.125","2395636.145274","35.934542","2026-04-25 01:09:00.451000"
"1277","7.125","1126171.875","16.892578","2026-04-25 01:09:01.577000"
"1278","7.125","1738677.46988899","26.080162","2026-04-25 01:09:03.316000"
"1279","7.125","1860968.653361","27.91453","2026-04-25 01:09:05.177000"
"1280","7.125","2672802.527746","40.092038","2026-04-25 01:09:07.849000"
"1281","7.125","2470005.734762","37.050086","2026-04-25 01:09:10.319000"
"1282","7.125","995654.201508","14.934813","2026-04-25 01:09:11.315000"
"1283","7.125","335088.396072","5.026326","2026-04-25 01:09:11.650000"
"1284","7.125","1269978.268941","19.049674","2026-04-25 01:09:12.920000"
"1285","7.125","3002243.455251","45.033652","2026-04-25 01:09:15.922000"
"1286","7.125","2130117.464066","31.951762","2026-04-25 01:09:18.053000"
"1287","8.142857","3768608.533419","48.991911","2026-04-25 01:09:21.821000"
"1288","7.125","1460430.335999","21.906455","2026-04-25 01:09:23.282000"
"1289","7.125","259565.925598","3.893489","2026-04-25 01:09:23.541000"
"1290","7.125","800592.343012","12.008885","2026-04-25 01:09:24.342000"
"1291","6.705882","3184692.308307","50.955077","2026-04-25 01:09:27.526000"
"1292","7.125","3659226.799011","54.888402","2026-04-25 01:09:31.186000"
"1293","7.125","1329915.87321","19.948738","2026-04-25 01:09:32.516000"
"1294","7.125","1667014.010747","25.00521","2026-04-25 01:09:34.183000"
"1295","7.125","332937.256495","4.994059","2026-04-25 01:09:34.516000"
"1296","7.125","3404877.678553","51.073165","2026-04-25 01:09:37.920000"
"1297","7.125","1667899.592717","25.018494","2026-04-25 01:09:39.588000"
"1298","7.125","593155.733744","8.897336","2026-04-25 01:09:40.181000"
"1299","7.125","2732293.001811","40.984395","2026-04-25 01:09:42.914000"
"1300","7.125","1929663.1972","28.944948","2026-04-25 01:09:44.843000"
"1301","7.125","325554.005305","4.88331","2026-04-25 01:09:45.169000"
"1302","7.125","2393774.668376","35.90662","2026-04-25 01:09:47.563000"
"1303","7.125","3806431.531906","57.096473","2026-04-25 01:09:51.369000"
"1304","6.705882","184865.176678","2.957843","2026-04-25 01:09:51.554000"
"1305","7.125","2605042.727788","39.075641","2026-04-25 01:09:54.159000"
"1306","8.142857","1840066.90979","23.92087","2026-04-25 01:09:55.999000"
"1307","7.125","797572.660446","11.96359","2026-04-25 01:09:56.797000"
"1308","7.125","1995574.204127","29.933613","2026-04-25 01:09:58.792000"
"1309","7.125","2131723.658244","31.975855","2026-04-25 01:10:00.924000"
"1310","7","2394637.266795","35.919559","2026-04-25 01:10:03.319000"
"1311","7","2136920.468012","32.053807","2026-04-25 01:10:05.456000"
"1312","7.125","2538711.531957","38.080673","2026-04-25 01:10:07.994000"
"1313","7.125","467939.186096","7.019088","2026-04-25 01:10:08.462000"
"1314","7.125","1592841.19606","23.892618","2026-04-25 01:10:10.055000"
"1315","7.125","3601999.807358","54.029997","2026-04-25 01:10:13.657000"
"1316","7.125","2801234.006882","42.01851","2026-04-25 01:10:16.458000"
"1317","7.125","1661022.392909","24.915336","2026-04-25 01:10:18.119000"
"1318","7.125","197534.46579","2.963017","2026-04-25 01:10:18.317000"
"1319","8","4545705.226751","59.094168","2026-04-25 01:10:22.863000"
"1320","7.125","4140037.870407","62.100568","2026-04-25 01:10:27.003000"
"1321","6.705882","1255668.997765","20.090704","2026-04-25 01:10:28.258000"
"1322","7.125","3928949.133555","58.934237","2026-04-25 01:10:32.187000"
"1323","7.125","931152.327855","13.967285","2026-04-25 01:10:33.118000"
"1324","7","2729238.39887","40.938576","2026-04-25 01:10:35.848000"
"1325","7.125","2539335.4098","38.090031","2026-04-25 01:10:38.387000"
"1326","7","270781.071981","4.061716","2026-04-25 01:10:38.658000"
"1327","7","333429.527283","5.001443","2026-04-25 01:10:38.991000"
"1328","7","2933006.334305","43.995095","2026-04-25 01:10:41.924000"
"1329","7","805553.134282","12.083297","2026-04-25 01:10:42.730000"
"1330","7","930220.858256","13.953313","2026-04-25 01:10:43.660000"
"1331","7","1803245.337804","27.04868","2026-04-25 01:10:45.463000"
"1332","7","334290.997187","5.014365","2026-04-25 01:10:45.797000"
"1333","7","1064455.413818","15.966831","2026-04-25 01:10:46.862000"
"1334","7","1670825.878779","25.062388","2026-04-25 01:10:48.533000"
"1335","8","3228704.305796","41.973156","2026-04-25 01:10:51.761000"
"1336","7.125","2669994.131724","40.049912","2026-04-25 01:10:54.431000"
"1337","7","1531965.939204","22.979489","2026-04-25 01:10:55.963000"
"1338","7","1128667.86321","16.930018","2026-04-25 01:10:57.092000"
"1339","7","3538101.800283","53.071527","2026-04-25 01:11:00.630000"
"1340","7","1527045.059204","22.905676","2026-04-25 01:11:02.157000"
"1341","7","1335413.869222","20.031208","2026-04-25 01:11:03.493000"
"1342","7.125","2595679.791768","38.935197","2026-04-25 01:11:06.088000"
"1343","7.125","2940007.464091","44.100112","2026-04-25 01:11:09.028000"
"1344","7.125","2938368.924459","44.075534","2026-04-25 01:11:11.967000"
"1345","7.125","2262674.331665","33.940115","2026-04-25 01:11:14.229000"
"1346","7.125","1070539.267858","16.058089","2026-04-25 01:11:15.300000"
"1347","7.125","193093.125025","2.896397","2026-04-25 01:11:15.493000"
"1348","7","1532045.332591","22.98068","2026-04-25 01:11:17.025000"
"1349","7.125","2463210.614522","36.948159","2026-04-25 01:11:19.488000"
"1350","7","2397019.004822","35.955285","2026-04-25 01:11:21.885000"
"1351","7","404985.936483","6.074789","2026-04-25 01:11:22.290000"
"1352","7","928564.99354","13.928475","2026-04-25 01:11:23.219000"
"1353","7","2873691.066106","43.105366","2026-04-25 01:11:26.093000"
"1354","7","2927471.256256","43.912069","2026-04-25 01:11:29.020000"
"1355","7.125","3461592.260997","51.923884","2026-04-25 01:11:32.482000"
"1356","7","2408611.20224","36.129168","2026-04-25 01:11:34.890000"
"1357","7","2002002.207438","30.030033","2026-04-25 01:11:36.892000"
"1358","7","1069552.469254","16.043287","2026-04-25 01:11:37.962000"
"1359","7","2796477.731069","41.947166","2026-04-25 01:11:40.758000"
"1360","7","1269584.592183","19.043769","2026-04-25 01:11:42.028000"
"1361","7","262415.266037","3.936229","2026-04-25 01:11:42.290000"
"1362","7","1195605.405172","17.934081","2026-04-25 01:11:43.486000"
"1363","7","393610.00061","5.90415","2026-04-25 01:11:43.879000"
"1364","7","933610.010147","14.00415","2026-04-25 01:11:44.813000"
"1365","7","1463940.79526299","21.959112","2026-04-25 01:11:46.277000"
"1366","7","1338391.462962","20.075872","2026-04-25 01:11:47.615000"
"1367","8.142857","3071795.078424","39.933336","2026-04-25 01:11:50.687000"
"1368","7.125","594828.065236","8.922421","2026-04-25 01:11:51.282000"
"1369","7.125","1606082.804998","24.091242","2026-04-25 01:11:52.888000"
"1370","7.125","1930172.475179","28.952587","2026-04-25 01:11:54.818000"
"1371","7.125","2329923.995336","34.94886","2026-04-25 01:11:57.148000"
"1372","7.125","1735030.396779","26.025456","2026-04-25 01:11:58.883000"
"1373","7.125","1197841.199239","17.9676179999999","2026-04-25 01:12:00.081000"
"1374","7.125","3006884.733836","45.103271","2026-04-25 01:12:03.088000"
"1375","7.125","2999754.603704","44.996319","2026-04-25 01:12:06.088000"
"1376","7.125","3936487.404505","59.047311","2026-04-25 01:12:10.024000"
"1377","7.125","934324.932098","14.014874","2026-04-25 01:12:10.958000"
"1378","7.125","3196641.127268","47.949617","2026-04-25 01:12:14.155000"
"1379","7.125","2597806.930542","38.967104","2026-04-25 01:12:16.753000"
"1380","7.125","2402237.002055","36.033555","2026-04-25 01:12:19.155000"
"1381","8.142857","3156397.159283","41.033163","2026-04-25 01:12:22.312000"
"1382","7.125","3064329.735438","45.964946","2026-04-25 01:12:25.376000"
"1383","7.125","1402024.809519","21.030372","2026-04-25 01:12:26.778000"
"1384","7.125","2536895.465851","38.053432","2026-04-25 01:12:29.315000"
"1385","7.125","1997676.404317","29.965146","2026-04-25 01:12:31.313000"
"1386","7.125","3206291.325887","48.09437","2026-04-25 01:12:34.519000"
"1387","7.125","2336145.273844","35.042179","2026-04-25 01:12:36.855000"
"1388","7.125","800884.199142","12.013263","2026-04-25 01:12:37.656000"
"1389","7.125","469666.274389","7.044994","2026-04-25 01:12:38.125000"
"1390","7.125","1275455.141068","19.131827","2026-04-25 01:12:39.401000"
"1391","7.125","2804951.334","42.07427","2026-04-25 01:12:42.206000"
"1392","7.125","606317.472458","9.094762","2026-04-25 01:12:42.812000"
"1393","7.125","1798344.532649","26.975168","2026-04-25 01:12:44.611000"
"1394","6.705882","1935017.064214","30.960273","2026-04-25 01:12:46.546000"
"1395","7.125","3335678.068797","50.035171","2026-04-25 01:12:49.881000"
"1396","7.125","2070368.003845","31.05552","2026-04-25 01:12:51.952000"
"1397","7.125","1128150.939941","16.922264","2026-04-25 01:12:53.080000"
"1398","7.125","3466071.589788","51.991074","2026-04-25 01:12:56.546000"
"1399","7.125","3868680.000305","58.0302","2026-04-25 01:13:00.415000"
"1400","7.125","2398678.398132","35.980176","2026-04-25 01:13:02.813000"
"1401","7.125","2595051.336288","38.92577","2026-04-25 01:13:05.408000"
"1402","8.142857","1456623.53589","18.936106","2026-04-25 01:13:06.865000"
"1403","7.125","534884.007772","8.02326","2026-04-25 01:13:07.400000"
"1404","7.125","403527.069092","6.052906","2026-04-25 01:13:07.803000"
"1405","7.125","666805.124283","10.002077","2026-04-25 01:13:08.470000"
"1406","7.125","4131205.066045","61.968076","2026-04-25 01:13:12.601000"
"1407","7.125","670313.008626","10.054695","2026-04-25 01:13:13.272000"
"1408","7.125","3797552.601496","56.963289","2026-04-25 01:13:17.069000"
"1409","7.125","3734324.471156","56.014867","2026-04-25 01:13:20.803000"
"1410","7.125","3531439.79708399","52.971597","2026-04-25 01:13:24.335000"
"1411","7.125","338098.271688","5.07147399999999","2026-04-25 01:13:24.673000"
"1412","7.125","3004825.401306","45.072381","2026-04-25 01:13:27.678000"
"1413","7.125","2261584.806442","33.923772","2026-04-25 01:13:29.939000"
"1414","7.125","2471975.866954","37.079638","2026-04-25 01:13:32.411000"
"1415","7.125","1267389.408747","19.010841","2026-04-25 01:13:33.679000"
"1416","7.125","1802988.33847","27.044825","2026-04-25 01:13:35.482000"
"1417","7.125","2069293.276469","31.039399","2026-04-25 01:13:37.551000"
"1418","7.125","804831.01209","12.072465","2026-04-25 01:13:38.356000"
"1419","7.125","1460243.463516","21.903652","2026-04-25 01:13:39.816000"
"1420","7.125","2265899.944305","33.988499","2026-04-25 01:13:42.082000"
"1421","7.125","3006259.123484","45.093887","2026-04-25 01:13:45.088000"
"1422","7.125","3470833.47638399","52.062502","2026-04-25 01:13:48.559000"
"1423","6.705882","2441295.936704","39.060735","2026-04-25 01:13:51.000000"
"1424","7.125","263739.728928","3.956096","2026-04-25 01:13:51.264000"
"1425","7.125","1072801.208496","16.092018","2026-04-25 01:13:52.337000"
"1426","7.125","1197201.871872","17.958028","2026-04-25 01:13:53.534000"
"1427","7.125","1804269.599915","27.064044","2026-04-25 01:13:55.338000"
"1428","7.125","1668934.869766","25.034023","2026-04-25 01:13:57.007000"
"1429","7.125","3534135.198593","53.012028","2026-04-25 01:14:00.542000"
"1430","6.333333","1881415.815914","31.984069","2026-04-25 01:14:02.423000"
"1431","7.125","735467.402139999","11.032011","2026-04-25 01:14:03.158000"
"1432","7.125","2529611.810048","37.944177","2026-04-25 01:14:05.688000"
"1433","7.125","3264312.521617","48.964688","2026-04-25 01:14:08.952000"
"1434","7.125","603224.658966","9.04837","2026-04-25 01:14:09.556000"
"1435","7.125","3338702.662786","50.08054","2026-04-25 01:14:12.894000"
"1436","7.125","1936944.198608","29.054163","2026-04-25 01:14:14.831000"
"1437","7.125","3330468.861262","49.957033","2026-04-25 01:14:18.162000"
"1438","7.125","2664224.863052","39.963373","2026-04-25 01:14:20.826000"
"1439","7.125","464258.861542","6.963883","2026-04-25 01:14:21.290000"
"1440","7.125","3933752.743403","59.006291","2026-04-25 01:14:25.224000"
"1441","7.125","597430.467606","8.961457","2026-04-25 01:14:25.821000"
"1442","7.125","736130.460102999","11.041957","2026-04-25 01:14:26.557000"
"1443","7.125","2929088.3859","43.936326","2026-04-25 01:14:29.487000"
"1444","7.125","2064265.330633","30.96398","2026-04-25 01:14:31.551000"
"1445","7.125","599608.532588","8.994128","2026-04-25 01:14:32.150000"
"1446","7.125","3733581.47939","56.003722","2026-04-25 01:14:35.884000"
"1447","7.125","2129428.32311","31.941425","2026-04-25 01:14:38.013000"
"1448","7.125","1471116.479238","22.066747","2026-04-25 01:14:39.485000"
"1449","8.142857","1081847.392596","14.064016","2026-04-25 01:14:40.566000"
"1450","7.125","1793606.789907","26.904102","2026-04-25 01:14:42.360000"
"1451","7.125","3462434.196472","51.936513","2026-04-25 01:14:45.822000"
"1452","7.125","2005380.344391","30.080705","2026-04-25 01:14:47.828000"
"1453","7.125","469719.060262","7.045786","2026-04-25 01:14:48.298000"
"1454","8.142857","4069570.009525","52.90441","2026-04-25 01:14:52.367000"
"1455","7.125","393639.930089","5.904599","2026-04-25 01:14:52.761000"
"1456","7.125","3867028.93575","58.005434","2026-04-25 01:14:56.628000"
"1457","7.125","3929137.134552","58.937057","2026-04-25 01:15:00.557000"
"1458","7.125","594009.208679","8.910138","2026-04-25 01:15:01.151000"
"1459","7.125","1396176.465352","20.942647","2026-04-25 01:15:02.547000"
"1460","7.125","2870797.729492","43.061966","2026-04-25 01:15:05.418000"
"1461","8.142857","684523.160641","8.89880099999999","2026-04-25 01:15:06.102000"
"1462","7.125","2671173.667908","40.067605","2026-04-25 01:15:08.774000"
"1463","7.125","1465228.064855","21.978421","2026-04-25 01:15:10.239000"
"1464","7.125","4065043.067932","60.975646","2026-04-25 01:15:14.304000"
"1465","7.125","2471261.994044","37.06893","2026-04-25 01:15:16.775000"
"1466","7.125","932453.7913","13.986807","2026-04-25 01:15:17.708000"
"1467","7.125","2066566.133499","30.998492","2026-04-25 01:15:19.774000"
"1468","7.125","4071278.858185","61.069183","2026-04-25 01:15:23.845000"
"1469","7.125","3540688.927968","53.110334","2026-04-25 01:15:27.386000"
"1470","7.125","4074202.934901","61.113044","2026-04-25 01:15:31.460000"
"1471","7.125","1793240.72202","26.898611","2026-04-25 01:15:33.254000"
"1472","8.142857","308338.7705","4.008404","2026-04-25 01:15:33.562000"
"1473","7.125","2001699.002584","30.025485","2026-04-25 01:15:35.564000"
"1474","7.125","2530018.520355","37.950278","2026-04-25 01:15:38.094000"
"1475","7.125","4067991.5905","61.019874","2026-04-25 01:15:42.162000"
"1476","7.125","1928526.131312","28.927892","2026-04-25 01:15:44.090000"
"1477","7.125","1870058.266322","28.050874","2026-04-25 01:15:45.960000"
"1478","7.125","2929348.738988","43.940231","2026-04-25 01:15:48.890000"
"1479","7.125","1868096.605937","28.021449","2026-04-25 01:15:50.758000"
"1480","7.125","3729075.193405","55.936128","2026-04-25 01:15:54.487000"
"1481","8.142857","3767270.620053","48.974518","2026-04-25 01:15:58.254000"
"1482","7.125","2930067.253113","43.951009","2026-04-25 01:16:01.184000"
"1483","7.125","1865122.191111","27.976833","2026-04-25 01:16:03.049000"
"1484","7.125","3733775.32959","56.00663","2026-04-25 01:16:06.783000"
"1485","7.125","600751.924515","9.011279","2026-04-25 01:16:07.384000"
"1486","7.125","2270593.070984","34.058896","2026-04-25 01:16:09.654000"
"1487","7.125","1996039.72435","29.940596","2026-04-25 01:16:11.650000"
"1488","7.125","2672329.060237","40.084936","2026-04-25 01:16:14.323000"
"1489","7.125","1263405.863444","18.951088","2026-04-25 01:16:15.586000"
"1490","7.125","2336845.207214","35.052678","2026-04-25 01:16:17.923000"
"1491","7.125","3598368.597031","53.975529","2026-04-25 01:16:21.521000"
"1492","7.125","597708.606719999","8.965629","2026-04-25 01:16:22.119000"
"1493","7.125","3669582.732519","55.043741","2026-04-25 01:16:25.789000"
"1494","7.125","2596037.32427","38.94056","2026-04-25 01:16:28.385000"
"1495","7.125","801844.13592","12.027662","2026-04-25 01:16:29.186000"
"1496","7.125","1461573.727926","21.923606","2026-04-25 01:16:30.648000"
"1497","7.125","3737088.267008","56.056324","2026-04-25 01:16:34.385000"
"1498","8.142857","1073379.076444","13.953928","2026-04-25 01:16:35.459000"
"1499","7.125","2138268.121084","32.074022","2026-04-25 01:16:37.597000"
"1500","7.125","401548.465093","6.02322699999999","2026-04-25 01:16:37.998000"
"1501","7.125","333242.86143","4.998643","2026-04-25 01:16:38.332000"
"1502","7.125","802742.735545","12.041141","2026-04-25 01:16:39.134000"
"1503","7.125","2540143.807729","38.102157","2026-04-25 01:16:41.674000"
"1504","7.125","2336731.338501","35.05097","2026-04-25 01:16:44.011000"
"1505","7.125","2535896.460215","38.038447","2026-04-25 01:16:46.547000"
"1506","7.125","3204322.195053","48.064833","2026-04-25 01:16:49.751000"
"1507","8.142857","1155594.917444","15.022734","2026-04-25 01:16:50.907000"
"1508","7.125","3802613.544464","57.039203","2026-04-25 01:16:54.710000"
"1509","7.125","536449.670792","8.046745","2026-04-25 01:16:55.246000"
"1510","7.125","1798063.071569","26.970946","2026-04-25 01:16:57.044000"
"1511","7.125","2931505.934397","43.972589","2026-04-25 01:16:59.976000"
"1512","7.125","995910.867055","14.938663","2026-04-25 01:17:00.972000"
"1513","7.125","997272.85703","14.959093","2026-04-25 01:17:01.969000"
"1514","7.125","1069109.137853","16.036637","2026-04-25 01:17:03.038000"
"1515","7.125","1674984.788895","25.124772","2026-04-25 01:17:04.713000"
"1516","7.125","929259.74528","13.938896","2026-04-25 01:17:05.642000"
"1517","7.125","994449.20222","14.916738","2026-04-25 01:17:06.637000"
"1518","7.125","2798856.051763","41.982841","2026-04-25 01:17:09.435000"
"1519","7.125","2470016.463598","37.050247","2026-04-25 01:17:11.905000"
"1520","7.125","1267762.263616","19.016434","2026-04-25 01:17:13.173000"
"1521","7.125","2598391.135534","38.975867","2026-04-25 01:17:15.772000"
"1522","7.125","2472815.529505","37.092233","2026-04-25 01:17:18.244000"
"1523","7.125","2334280.85645","35.014213","2026-04-25 01:17:20.579000"
"1524","7.125","728795.607885","10.931934","2026-04-25 01:17:21.308000"
"1525","7.125","3132787.545522","46.991813","2026-04-25 01:17:24.440000"
"1526","6.875","2469916.598002","37.048749","2026-04-25 01:17:26.910000"
"1527","6.875","2530518.865585","37.957783","2026-04-25 01:17:29.441000"
"1528","6.875","1404836.734136","21.072551","2026-04-25 01:17:30.846000"
"1529","6.875","2803797.658285","42.056965","2026-04-25 01:17:33.649000"
"1530","7.125","2936883.131663","44.053247","2026-04-25 01:17:36.586000"
"1531","7.125","730872.996648","10.963095","2026-04-25 01:17:37.317000"
"1532","7.125","3004611.333211","45.06917","2026-04-25 01:17:40.322000"
"1533","6.875","2328362.671534","34.92544","2026-04-25 01:17:42.650000"
"1534","6.875","2602636.528015","39.039548","2026-04-25 01:17:45.253000"
"1535","7.85714299999999","2609867.462745","33.928277","2026-04-25 01:17:47.863000"
"1536","6.875","2271702.607473","34.075539","2026-04-25 01:17:50.134000"
"1537","6.875","2531790.733337","37.976861","2026-04-25 01:17:52.666000"
"1538","7.333333","2207767.145974","30.90874","2026-04-25 01:17:54.874000"
"1539","7.125","1333239.205678","19.998588","2026-04-25 01:17:56.207000"
"1540","7.125","1127715.206146","16.915728","2026-04-25 01:17:57.335000"
"1541","7.125","1464097.531637","21.961463","2026-04-25 01:17:58.799000"
"1542","7.125","1464996.274312","21.974944","2026-04-25 01:18:00.264000"
"1543","7.125","3998630.539576","59.979458","2026-04-25 01:18:04.263000"
"1544","7.125","1133888.673782","17.0083299999999","2026-04-25 01:18:05.396000"
"1545","6.875","2932355.674108","43.985335","2026-04-25 01:18:08.329000"
"1546","7.125","801608.403524","12.024126","2026-04-25 01:18:09.130000"
"1547","7.125","265532.334646","3.982985","2026-04-25 01:18:09.396000"
"1548","7.125","1395704.666773","20.93557","2026-04-25 01:18:10.792000"
"1549","6.875","401056.400935","6.015846","2026-04-25 01:18:11.193000"
"1550","7.125","3473448.27652","52.101724","2026-04-25 01:18:14.666000"
"1551","7.125","2932538.461685","43.988077","2026-04-25 01:18:17.599000"
"1552","7.125","3865631.532669","57.984473","2026-04-25 01:18:21.464000"
"1553","6.875","1069026.724497","16.035401","2026-04-25 01:18:22.533000"
"1554","6.875","268050.003052","4.02075","2026-04-25 01:18:22.801000"
"1555","7.125","3069573.00504","46.043595","2026-04-25 01:18:25.871000"
"1556","7.125","595583.136876","8.933747","2026-04-25 01:18:26.467000"
"1557","7.125","602310.800552","9.034662","2026-04-25 01:18:27.069000"
"1558","6.875","2065107.345581","30.97661","2026-04-25 01:18:29.134000"
"1559","6.875","934472.608566","14.017089","2026-04-25 01:18:30.068000"
"1560","6.875","600976.260503","9.014644","2026-04-25 01:18:30.669000"
"1561","7.85714299999999","4615003.072298","59.99504","2026-04-25 01:18:35.284000"
"1562","6.875","1535296.996435","23.029455","2026-04-25 01:18:36.820000"
"1563","6.875","598512.601852","8.977689","2026-04-25 01:18:37.418000"
"1564","6.875","1937010.796865","29.055162","2026-04-25 01:18:39.355000"
"1565","6.875","1596366.86643","23.945503","2026-04-25 01:18:40.952000"
"1566","6.875","196865.399679","2.952981","2026-04-25 01:18:41.148000"
"1567","6.875","1198229.662577","17.973445","2026-04-25 01:18:42.347000"
"1568","6.875","1802149.391174","27.032241","2026-04-25 01:18:44.149000"
"1569","6.875","2273064.533869","34.095968","2026-04-25 01:18:46.422000"
"1570","6.875","3065852.117538","45.987782","2026-04-25 01:18:49.488000"
"1571","6.875","1931858.539581","28.977878","2026-04-25 01:18:51.420000"
"1572","6.875","3662071.927389","54.931079","2026-04-25 01:18:55.082000"
"1573","6.875","1271752.532323","19.076288","2026-04-25 01:18:56.353000"
"1574","6.875","1327768.278122","19.916524","2026-04-25 01:18:57.681000"
"1575","6.875","1794834.931691","26.922524","2026-04-25 01:18:59.476000"
"1576","6.875","2397233.867645","35.958508","2026-04-25 01:19:01.873000"
"1577","6.875","663655.598958","9.954834","2026-04-25 01:19:02.537000"
"1578","6.875","2607061.004639","39.105915","2026-04-25 01:19:05.144000"
"1579","6.875","3466598.796844","51.998982","2026-04-25 01:19:08.611000"
"1580","6.875","1864270.401001","27.964056","2026-04-25 01:19:10.475000"
"1581","7.85714299999999","1080094.997699","14.041235","2026-04-25 01:19:11.555000"
"1582","6.875","2395804.071426","35.937061","2026-04-25 01:19:13.951000"
"1583","6.875","1326697.270075","19.900459","2026-04-25 01:19:15.277000"
"1584","6.875","2866110.531489","42.991658","2026-04-25 01:19:18.144000"
"1585","6.875","2669036.006927","40.03554","2026-04-25 01:19:20.813000"
"1586","6.875","1997780.275345","29.966704","2026-04-25 01:19:22.810000"
"1587","7.125","4001804.463069","60.027067","2026-04-25 01:19:26.812000"
"1588","6.875","459594.456355","6.893917","2026-04-25 01:19:27.272000"
"1589","7.125","3396986.134847","50.954792","2026-04-25 01:19:30.669000"
"1590","6.875","4078295.946121","61.174439","2026-04-25 01:19:34.747000"
"1591","6.875","1529956.801732","22.949352","2026-04-25 01:19:36.277000"
"1592","7.125","3209581.47049","48.143722","2026-04-25 01:19:39.487000"
"1593","6.111111","1534083.53469","26.07942","2026-04-25 01:19:41.021000"
"1594","7.125","2939396.460851","44.090947","2026-04-25 01:19:43.960000"
"1595","6.111111","642154.413111","10.916625","2026-04-25 01:19:44.602000"
"1596","6.875","997277.800242","14.959167","2026-04-25 01:19:45.600000"
"1597","6.875","335083.532333","5.026253","2026-04-25 01:19:45.935000"
"1598","6.875","1665069.739024","24.976046","2026-04-25 01:19:47.600000"
"1599","6.875","2330774.052938","34.961611","2026-04-25 01:19:49.930000"
"1600","6.875","1205245.478948","18.078682","2026-04-25 01:19:51.136000"
"1601","6.875","2673227.198919","40.098408","2026-04-25 01:19:53.809000"
"1602","6.875","2393842.26799","35.907634","2026-04-25 01:19:56.203000"
"1603","6.875","2268492.333094","34.0273849999999","2026-04-25 01:19:58.471000"
"1604","6.875","3000493.46288","45.007402","2026-04-25 01:20:01.472000"
"1605","6.875","3062313.731511","45.934706","2026-04-25 01:20:04.534000"
"1606","6.875","2931465.133031","43.971977","2026-04-25 01:20:07.466000"
"1607","6.875","2132283.92601","31.984259","2026-04-25 01:20:09.598000"
"1608","6.875","3404952.128728","51.074282","2026-04-25 01:20:13.003000"
"1609","6.875","2138333.940506","32.075009","2026-04-25 01:20:15.141000"
"1610","6.875","1604554.875692","24.068323","2026-04-25 01:20:16.746000"
"1611","6.875","3676497.602463","55.147464","2026-04-25 01:20:20.422000"
"1612","6.875","1868577.464422","28.028662","2026-04-25 01:20:22.291000"
"1613","6.875","2404311.593374","36.064674","2026-04-25 01:20:24.695000"
"1614","6.875","1332026.004791","19.98039","2026-04-25 01:20:26.027000"
"1615","6.875","268919.388453","4.033791","2026-04-25 01:20:26.296000"
"1616","6.875","1195412.9378","17.931194","2026-04-25 01:20:27.491000"
"1617","6.875","1327889.60139","19.918344","2026-04-25 01:20:28.819000"
"1618","6.875","3607333.469391","54.110002","2026-04-25 01:20:32.427000"
"1619","6.875","2405928.548177","36.088928","2026-04-25 01:20:34.833000"
"1620","6.875","1938643.725713","29.079656","2026-04-25 01:20:36.771000"
"1621","6.875","2730614.058177","40.959211","2026-04-25 01:20:39.502000"
"1622","7.85714299999999","1006535.163293","13.084957","2026-04-25 01:20:40.508000"
"1623","6.875","3132704.591751","46.990569","2026-04-25 01:20:43.641000"
"1624","6.875","528510.99968","7.92766499999999","2026-04-25 01:20:44.170000"
"1625","6.47058799999999","3382791.757584","54.124668","2026-04-25 01:20:47.552000"
"1626","6.875","4069166.80336","61.037502","2026-04-25 01:20:51.622000"
"1627","6.875","3929072.459539","58.936087","2026-04-25 01:20:55.551000"
"1628","6.875","261389.811834","3.920847","2026-04-25 01:20:55.812000"
"1629","6.875","3063841.867447","45.957628","2026-04-25 01:20:58.876000"
"1630","6.875","3203179.327647","48.04769","2026-04-25 01:21:02.079000"
"1631","6.875","2596892.658869","38.95339","2026-04-25 01:21:04.676000"
"1632","6.875","3866110.928853","57.991664","2026-04-25 01:21:08.542000"
"1633","7.125","2939727.544785","44.095913","2026-04-25 01:21:11.482000"
"1634","7.125","3072101.736069","46.081526","2026-04-25 01:21:14.554000"
"1635","6.875","3663176.870346","54.947653","2026-04-25 01:21:18.217000"
"1636","6.875","2139596.064885","32.093941","2026-04-25 01:21:20.357000"
"1637","6.47058799999999","1060013.994575","16.960224","2026-04-25 01:21:21.417000"
"1638","6.875","997045.262655","14.955679","2026-04-25 01:21:22.414000"
"1639","6.875","3538017.06632","53.070256","2026-04-25 01:21:25.952000"
"1640","6.875","737166.531881","11.057498","2026-04-25 01:21:26.689000"
"1641","6.875","668989.006678","10.034835","2026-04-25 01:21:27.358000"
"1642","6.875","1528629.859289","22.929448","2026-04-25 01:21:28.886000"
"1643","6.875","3871194.791794","58.067922","2026-04-25 01:21:32.758000"
"1644","7.85714299999999","1764534.546779","22.938949","2026-04-25 01:21:34.522000"
"1645","6.875","3208053.811391","48.120807","2026-04-25 01:21:37.730000"
"1646","6.875","3396422.942479","50.946344","2026-04-25 01:21:41.127000"
"1647","6.875","2466683.403651","37.000251","2026-04-25 01:21:43.593000"
"1648","6.875","994143.390656","14.912151","2026-04-25 01:21:44.588000"
"1649","7.85714299999999","4153097.07935","53.990262","2026-04-25 01:21:48.741000"
"1650","7.85714299999999","307737.772281","4.000591","2026-04-25 01:21:49.048000"
"1651","6.875","3536181.131999","53.042717","2026-04-25 01:21:52.585000"
"1652","6.875","1872886.069616","28.093291","2026-04-25 01:21:54.457000"
"1653","6.875","3872185.59583","58.082784","2026-04-25 01:21:58.330000"
"1654","6.875","2463167.524338","36.947513","2026-04-25 01:22:00.793000"
"1655","6.875","2595846.335093","38.937695","2026-04-25 01:22:03.389000"
"1656","6.875","2129979.658127","31.949695","2026-04-25 01:22:05.519000"
"1657","6.875","796835.676829","11.952535","2026-04-25 01:22:06.315000"
"1658","6.875","2997264.671326","44.95897","2026-04-25 01:22:09.313000"
"1659","6.875","1534196.40859","23.012946","2026-04-25 01:22:10.847000"
"1660","6.875","1128440.872828","16.926613","2026-04-25 01:22:11.975000"
"1661","7.85714299999999","3697557.999538","48.068254","2026-04-25 01:22:15.673000"
"1662","7.125","1868846.591314","28.032699","2026-04-25 01:22:17.542000"
"1663","6.705882","868898.123503","13.90237","2026-04-25 01:22:18.411000"
"1664","7.125","3130008.935928","46.950134","2026-04-25 01:22:21.541000"
"1665","6.875","4141051.928202","62.115779","2026-04-25 01:22:25.682000"
"1666","6.875","1406011.533737","21.090173","2026-04-25 01:22:27.088000"
"1667","6.875","3865951.331457","57.98927","2026-04-25 01:22:30.954000"
"1668","6.875","194360.129038","2.915402","2026-04-25 01:22:31.148000"
"1669","6.875","2404780.737559","36.071711","2026-04-25 01:22:33.553000"
"1670","6.875","2872271.521886","43.084073","2026-04-25 01:22:36.425000"
"1671","6.875","2866347.869237","42.995218","2026-04-25 01:22:39.291000"
"1672","6.875","3734728.813171","56.020932","2026-04-25 01:22:43.026000"
"1673","7.85714299999999","1924925.382321","25.02403","2026-04-25 01:22:44.951000"
"1674","6.875","2201136.668523","33.01705","2026-04-25 01:22:47.152000"
"1675","6.875","929161.008199","13.937415","2026-04-25 01:22:48.081000"
"1676","7.85714299999999","2853832.538311","37.099823","2026-04-25 01:22:50.935000"
"1677","6.875","3063037.872314","45.945568","2026-04-25 01:22:53.998000"
"1678","6.875","2536638.800303","38.049582","2026-04-25 01:22:56.535000"
"1679","6.875","2071165.800095","31.067487","2026-04-25 01:22:58.606000"
"1680","6.875","1060894.393921","15.913416","2026-04-25 01:22:59.667000"
"1681","6.875","1605744.012197","24.08616","2026-04-25 01:23:01.273000"
"1682","6.875","526343.99732","7.89516","2026-04-25 01:23:01.799000"
"1683","6.875","3530889.06606","52.963336","2026-04-25 01:23:05.330000"
"1684","6.875","3472944.59343","52.094169","2026-04-25 01:23:08.803000"
"1685","6.875","2065018.06577","30.975271","2026-04-25 01:23:10.868000"
"1686","6.875","3997983.471553","59.969752","2026-04-25 01:23:14.866000"
"1687","6.875","3736447.604497","56.046714","2026-04-25 01:23:18.602000"
"1688","6.875","601954.730352","9.029321","2026-04-25 01:23:19.204000"
"1689","6.875","594114.335377999","8.911715","2026-04-25 01:23:19.798000"
"1690","6.875","997476.863861","14.962153","2026-04-25 01:23:20.796000"
"1691","6.875","2270367.733637","34.055516","2026-04-25 01:23:23.066000"
"1692","6.875","3806647.062302","57.099706","2026-04-25 01:23:26.873000"
"1693","6.875","2799098.269145","41.986474","2026-04-25 01:23:29.672000"
"1694","6.875","2327896.531423","34.918448","2026-04-25 01:23:32.000000"
"1695","7.85714299999999","4695556.548926","61.042235","2026-04-25 01:23:36.695000"
"1696","6.875","3405641.667048","51.084625","2026-04-25 01:23:40.101000"
"1697","6.875","2735092.465083","41.026387","2026-04-25 01:23:42.836000"
"1698","6.875","1605101.14034","24.076517","2026-04-25 01:23:44.441000"
"1699","6.875","3329411.999385","49.94118","2026-04-25 01:23:47.771000"
"1700","6.875","1194589.201609","17.918838","2026-04-25 01:23:48.965000"
"1701","6.875","1528040.806452","22.920612","2026-04-25 01:23:50.493000"
"1702","6.875","1063349.994024","15.95025","2026-04-25 01:23:51.557000"
"1703","6.875","3735446.866353","56.031703","2026-04-25 01:23:55.292000"
"1704","6.875","3870670.731862","58.060061","2026-04-25 01:23:59.163000"
"1705","6.875","2064573.542277","30.968603","2026-04-25 01:24:01.227000"
"1706","7.85714299999999","221480.241189","2.879243","2026-04-25 01:24:01.449000"
"1707","6.875","1059078.804652","15.886182","2026-04-25 01:24:02.508000"
"1708","6.875","3196672.868729","47.950093","2026-04-25 01:24:05.705000"
"1709","6.875","994614.203771","14.919213","2026-04-25 01:24:06.699000"
"1710","7.85714299999999","1849267.06094","24.040472","2026-04-25 01:24:08.548000"
"1711","6.875","2005020.666122","30.07531","2026-04-25 01:24:10.553000"
"1712","7.333333","3427820.222718","47.989483","2026-04-25 01:24:13.981000"
"1713","6.875","3934593.470891","59.018902","2026-04-25 01:24:17.916000"
"1714","6.875","4066121.466955","60.991822","2026-04-25 01:24:21.982000"
"1715","6.875","2071067.730586","31.066016","2026-04-25 01:24:24.053000"
"1716","6.875","2068629.868825","31.029448","2026-04-25 01:24:26.122000"
"1717","6.875","674479.405085","10.117191","2026-04-25 01:24:26.796000"
"1718","6.875","4068939.272563","61.034089","2026-04-25 01:24:30.865000"
"1719","6.875","1127267.535528","16.909013","2026-04-25 01:24:31.992000"
"1720","6.875","3137714.735667","47.065721","2026-04-25 01:24:35.130000"
"1721","7.125","2130901.273092","31.963519","2026-04-25 01:24:37.261000"
"1722","6.875","1397166.12497999","20.957492","2026-04-25 01:24:38.658000"
"1723","6.875","1059766.00647","15.89649","2026-04-25 01:24:39.718000"
"1724","6.875","534889.475505","8.023342","2026-04-25 01:24:40.253000"
"1725","6.875","1061626.005173","15.92439","2026-04-25 01:24:41.314000"
"1726","6.875","2996336.539586","44.945048","2026-04-25 01:24:44.311000"
"1727","6.111111","1003888.41068","17.066103","2026-04-25 01:24:45.315000"
"1728","6.875","4066634.925207","60.999524","2026-04-25 01:24:49.381000"
"1729","6.875","2791659.466426","41.874892","2026-04-25 01:24:52.173000"
"1730","6.875","2609756.533305","39.146348","2026-04-25 01:24:54.783000"
"1731","7.125","4063641.468684","60.954622","2026-04-25 01:24:58.846000"
"1732","6.705882","1501646.876335","24.02635","2026-04-25 01:25:00.348000"
"1733","7.125","3394852.06604","50.922781","2026-04-25 01:25:03.743000"
"1734","7.125","3729043.277105","55.935649","2026-04-25 01:25:07.472000"
"1735","7.125","2932317.463557","43.984762","2026-04-25 01:25:10.404000"
"1736","7.125","2664913.129807","39.973697","2026-04-25 01:25:13.069000"
"1737","7.125","330450.073878","4.956751","2026-04-25 01:25:13.400000"
"1738","6.875","1730405.600866","25.956084","2026-04-25 01:25:15.130000"
"1739","7.125","737305.323283","11.05958","2026-04-25 01:25:15.867000"
"1740","7.125","4072408.612569","61.086129","2026-04-25 01:25:19.940000"
"1741","7.125","2936834.128698","44.052512","2026-04-25 01:25:22.877000"
"1742","7.125","739948.066076","11.099221","2026-04-25 01:25:23.617000"
"1743","6.875","2335906.680425","35.0386","2026-04-25 01:25:25.952000"
"1744","7.125","3743082.809448","56.146242","2026-04-25 01:25:29.696000"
"1745","7.125","809793.996810999","12.14691","2026-04-25 01:25:30.505000"
"1746","7.125","2142204.39593","32.133066","2026-04-25 01:25:32.647000"
"1747","7.125","2208879.868189","33.133198","2026-04-25 01:25:34.856000"
"1748","7.125","2808364.725113","42.125471","2026-04-25 01:25:37.665000"
"1749","7.125","4138708.130519","62.080622","2026-04-25 01:25:41.803000"
"1750","7.125","538031.927745","8.07047899999999","2026-04-25 01:25:42.341000"
"1751","7.125","1000165.669123","15.002485","2026-04-25 01:25:43.342000"
"1752","7.125","4072149.260839","61.082239","2026-04-25 01:25:47.414000"
"1753","8.142857","1847878.309397","24.022418","2026-04-25 01:25:49.262000"
"1754","8.142857","4315180.375026","56.097345","2026-04-25 01:25:53.577000"
"1755","7.125","2806931.066513","42.103966","2026-04-25 01:25:56.384000"
"1756","7.125","3405691.401164","51.085371","2026-04-25 01:25:59.789000"
"1757","7.125","1340476.926168","20.107154","2026-04-25 01:26:01.130000"
"1758","7.125","3413436.937332","51.201554","2026-04-25 01:26:04.543000"
"1759","7.125","3938621.791204","59.079327","2026-04-25 01:26:08.482000"
"1760","7.125","1270258.601507","19.053879","2026-04-25 01:26:09.752000"
"1761","6.705882","2192208.126187","35.07533","2026-04-25 01:26:11.944000"
"1762","7.125","2941381.200155","44.120718","2026-04-25 01:26:14.886000"
"1763","7.125","4138089.990616","62.07135","2026-04-25 01:26:19.024000"
"1764","7.125","1605763.276418","24.086449","2026-04-25 01:26:20.630000"
"1765","7.125","2268059.396744","34.020891","2026-04-25 01:26:22.898000"
"1766","7.6","2076494.353158","29.070921","2026-04-25 01:26:24.974000"
"1767","8.142857","2391984.297679","31.095796","2026-04-25 01:26:27.366000"
"1768","7.125","1268321.196238","19.024818","2026-04-25 01:26:28.635000"
"1769","7.125","2403414.392471","36.051216","2026-04-25 01:26:31.038000"
"1770","7.125","1996202.53245","29.943038","2026-04-25 01:26:33.034000"
"1771","7.125","859968.058268","12.899521","2026-04-25 01:26:33.894000"
"1772","7.125","802335.262298999","12.035029","2026-04-25 01:26:34.696000"
"1773","7.125","865528.059005999","12.982921","2026-04-25 01:26:35.562000"
"1774","7.125","2141595.9994","32.12394","2026-04-25 01:26:37.704000"
"1775","7.125","3203019.523621","48.045293","2026-04-25 01:26:40.907000"
"1776","7.125","1397306.076686","20.959591","2026-04-25 01:26:42.304000"
"1777","7.125","394743.45843","5.92115199999999","2026-04-25 01:26:42.699000"
"1778","7.125","3127889.076869","46.918336","2026-04-25 01:26:45.827000"
"1779","7.125","4003293.530146","60.049403","2026-04-25 01:26:49.830000"
"1780","7.125","3929452.943802","58.941794","2026-04-25 01:26:53.759000"
"1781","7.125","4064034.541448","60.960518","2026-04-25 01:26:57.823000"
"1782","7.125","530618.127187","7.959272","2026-04-25 01:26:58.354000"
"1783","7.125","2062956.190109","30.944343","2026-04-25 01:27:00.417000"
"1784","7.125","2597319.126129","38.959787","2026-04-25 01:27:03.014000"
"1785","7.125","402287.928263","6.034319","2026-04-25 01:27:03.417000"
"1786","7.125","3738449.27152","56.076739","2026-04-25 01:27:07.155000"
"1787","7.125","2729176.791509","40.937652","2026-04-25 01:27:09.884000"
"1788","7.125","203536.462784","3.053047","2026-04-25 01:27:10.088000"
"1789","7.125","869810.597102","13.047159","2026-04-25 01:27:10.958000"
"1790","7.125","1336220.32801299","20.043305","2026-04-25 01:27:12.294000"
"1791","7.125","1928376.722336","28.925651","2026-04-25 01:27:14.222000"
"1792","7.125","3996268.463135","59.944027","2026-04-25 01:27:18.218000"
"1793","7.125","3002842.330933","45.042635","2026-04-25 01:27:21.221000"
"1794","7.125","1539643.923442","23.094659","2026-04-25 01:27:22.761000"
"1795","7.125","3197196.992238","47.957955","2026-04-25 01:27:25.958000"
"1796","7.125","3338586.934408","50.078804","2026-04-25 01:27:29.297000"
"1797","8.142857","3157388.760493","41.046054","2026-04-25 01:27:32.454000"
"1798","7.125","2604985.459646","39.074782","2026-04-25 01:27:35.059000"
"1799","7.125","1134984.731674","17.0247709999999","2026-04-25 01:27:36.194000"
"1800","7.125","2999030.065536","44.985451","2026-04-25 01:27:39.193000"
"1801","7.125","1268670.670191","19.03006","2026-04-25 01:27:40.462000"
"1802","7.125","1936485.465368","29.047282","2026-04-25 01:27:42.398000"
"1803","7.125","2997934.881846","44.969023","2026-04-25 01:27:45.396000"
"1804","7.125","3531931.145986","52.978967","2026-04-25 01:27:48.928000"
"1805","7.125","2930545.536677","43.958183","2026-04-25 01:27:51.859000"
"1806","7.125","606640.195847","9.099603","2026-04-25 01:27:52.465000"
"1807","8.142857","1465137.38999","19.046786","2026-04-25 01:27:53.930000"
"1808","6.333333","648724.359625","11.028314","2026-04-25 01:27:54.579000"
"1809","7.125","2660669.533412","39.910043","2026-04-25 01:27:57.240000"
"1810","7.125","400831.604004","6.012474","2026-04-25 01:27:57.641000"
"1811","7.125","1734453.344345","26.0168","2026-04-25 01:27:59.375000"
"1812","7.125","1132502.063115","16.987531","2026-04-25 01:28:00.508000"
"1813","8.142857","4461358.308792","57.997658","2026-04-25 01:28:04.969000"
"1814","7.125","335630.464554","5.034457","2026-04-25 01:28:05.305000"
"1815","7.125","1862686.141332","27.940292","2026-04-25 01:28:07.167000"
"1816","7.125","3673273.738225","55.099106","2026-04-25 01:28:10.841000"
"1817","7.125","1597557.8626","23.963368","2026-04-25 01:28:12.438000"
"1818","7.125","2472667.20136","37.090008","2026-04-25 01:28:14.911000"
"1819","7.125","2200676.743189","33.010151","2026-04-25 01:28:17.111000"
"1820","7.125","261476.389567","3.922146","2026-04-25 01:28:17.373000"
"1821","7.125","3536398.124695","53.045972","2026-04-25 01:28:20.909000"
"1822","7.125","4006789.922714","60.101849","2026-04-25 01:28:24.916000"
"1823","8.142857","4535934.154804","58.967144","2026-04-25 01:28:29.452000"
"1824","7.125","2727854.808172","40.917822","2026-04-25 01:28:32.180000"
"1825","7","604262.860616","9.063943","2026-04-25 01:28:32.784000"
"1826","7.125","4066935.72998","61.004036","2026-04-25 01:28:36.851000"
"1827","7.125","730468.527476","10.957028","2026-04-25 01:28:37.582000"
"1828","7.125","1336349.598567","20.045244","2026-04-25 01:28:38.918000"
"1829","7.125","1137973.594666","17.069604","2026-04-25 01:28:40.056000"
"1830","7","2597887.341181","38.96831","2026-04-25 01:28:42.654000"
"1831","7.125","1671526.543299","25.072898","2026-04-25 01:28:44.325000"
"1832","7.125","3603317.070007","54.049756","2026-04-25 01:28:47.929000"
"1833","7","3407725.000381","51.115875","2026-04-25 01:28:51.336000"
"1834","7","2334597.60348","35.018964","2026-04-25 01:28:53.671000"
"1835","7","326787.058512","4.901806","2026-04-25 01:28:53.998000"
"1836","7","258042.526245","3.870638","2026-04-25 01:28:54.256000"
"1837","7","1734274.339676","26.014115","2026-04-25 01:28:55.990000"
"1838","7","1133294.264476","16.999414","2026-04-25 01:28:57.123000"
"1839","7","3342424.122492","50.136362","2026-04-25 01:29:00.466000"
"1840","7","400439.612071","6.006594","2026-04-25 01:29:00.866000"
"1841","7","2730157.057444","40.952356","2026-04-25 01:29:03.596000"
"1842","7","2201919.666926","33.028795","2026-04-25 01:29:05.798000"
"1843","7","1793820.730845","26.907311","2026-04-25 01:29:07.592000"
"1844","7","3470424.000422","52.05636","2026-04-25 01:29:11.062000"
"1845","7","3202232.408524","48.033486","2026-04-25 01:29:14.265000"
"1846","7","1736574.268341","26.048614","2026-04-25 01:29:16.001000"
"1847","7","2670405.403773","40.056081","2026-04-25 01:29:18.672000"
"1848","8","1767410.315","22.976334","2026-04-25 01:29:20.439000"
"1849","8","2995980.226077","38.947743","2026-04-25 01:29:23.435000"
"1850","7","1536444.791158","23.046672","2026-04-25 01:29:24.972000"
"1851","7","4064557.933807","60.968369","2026-04-25 01:29:29.036000"
"1852","7","268680.795034","4.030212","2026-04-25 01:29:29.305000"
"1853","7","1267390.664419","19.01086","2026-04-25 01:29:30.572000"
"1854","7","3136221.265793","47.043319","2026-04-25 01:29:33.708000"
"1855","7","1003371.254603","15.050569","2026-04-25 01:29:34.712000"
"1856","7","1330773.40126","19.961601","2026-04-25 01:29:36.043000"
"1857","7","2739666.732152","41.095001","2026-04-25 01:29:38.782000"
"1858","7","1738463.799159","26.076957","2026-04-25 01:29:40.521000"
"1859","7","4130018.393199","61.950276","2026-04-25 01:29:44.651000"
"1860","7","3606289.672852","54.094345","2026-04-25 01:29:48.257000"
"1861","7","2604166.412354","39.062496","2026-04-25 01:29:50.861000"
"1862","7","2937996.673584","44.06995","2026-04-25 01:29:53.799000"
"1863","7","2465995.279948","36.989929","2026-04-25 01:29:56.265000"
"1864","7.125","3540589.141846","53.108837","2026-04-25 01:29:59.806000"
"1865","7","1533759.069443","23.006386","2026-04-25 01:30:01.339000"
"1866","7.125","3996462.535858","59.946938","2026-04-25 01:30:05.336000"
"1867","7","2668278.535207","40.024178","2026-04-25 01:30:08.004000"
"1868","7.125","3338919.464747","50.083792","2026-04-25 01:30:11.343000"
"1869","7.125","3604060.53861","54.060908","2026-04-25 01:30:14.947000"
"1870","7.125","2932081.794739","43.981227","2026-04-25 01:30:17.879000"
"1871","7.125","3214564.259847","48.218464","2026-04-25 01:30:21.094000"
"1872","7.125","535809.993744","8.03715","2026-04-25 01:30:21.630000"
"1873","7.125","471691.942215","7.07537899999999","2026-04-25 01:30:22.101000"
"1874","7.125","2668429.533641","40.026443","2026-04-25 01:30:24.770000"
"1875","7.125","1001159.207026","15.017388","2026-04-25 01:30:25.771000"
"1876","7.125","1606319.80896","24.094797","2026-04-25 01:30:27.377000"
"1877","7.125","1870434.602102","28.056519","2026-04-25 01:30:29.248000"
"1878","7.125","2133201.138179","31.998017","2026-04-25 01:30:31.381000"
"1879","7.125","1597642.660141","23.96464","2026-04-25 01:30:32.979000"
"1880","7.125","3662912.797928","54.943692","2026-04-25 01:30:36.641000"
"1881","7.125","1192640.129725","17.889602","2026-04-25 01:30:37.834000"
"1882","7.125","537741.533914999","8.066123","2026-04-25 01:30:38.372000"
"1883","7.125","2801825.666428","42.027385","2026-04-25 01:30:41.174000"
"1884","7.125","2472631.597519","37.089474","2026-04-25 01:30:43.646000"
"1885","7.125","1201073.869069","18.016108","2026-04-25 01:30:44.847000"
"1886","7.125","3463170.067469","51.947551","2026-04-25 01:30:48.311000"
"1887","7.125","3664868.338903","54.973025","2026-04-25 01:30:51.975000"
"1888","7.125","2205424.133937","33.081362","2026-04-25 01:30:54.181000"
"1889","7.125","2662856.260935","39.942844","2026-04-25 01:30:56.844000"
"1890","7.125","3601267.925898","54.0190189999999","2026-04-25 01:31:00.445000"
"1891","7.125","3536642.456055","53.049637","2026-04-25 01:31:03.982000"
"1892","7.125","4008771.928151","60.131579","2026-04-25 01:31:07.990000"
"1893","7.125","728320.662181","10.92481","2026-04-25 01:31:08.719000"
"1894","7.125","1603164.800008","24.047472","2026-04-25 01:31:10.322000"
"1895","7.125","3406775.999069","51.10164","2026-04-25 01:31:13.729000"
"1896","7.125","1273214.928309","19.098224","2026-04-25 01:31:15.002000"
"1897","7.125","2069794.87737","31.046923","2026-04-25 01:31:17.072000"
"1898","7.125","3599117.612839","53.986764","2026-04-25 01:31:20.671000"
"1899","7.125","2671894.725164","40.078421","2026-04-25 01:31:23.343000"
"1900","7.125","3065661.795934","45.984927","2026-04-25 01:31:26.408000"
"1901","8.142857","1080369.527523","14.044804","2026-04-25 01:31:27.489000"
"1902","7.125","736639.992396","11.0496","2026-04-25 01:31:28.225000"
"1903","7.125","393021.535873","5.895323","2026-04-25 01:31:28.618000"
"1904","8.142857","1615924.541767","21.007019","2026-04-25 01:31:30.234000"
"1905","7.125","729759.391149","10.946391","2026-04-25 01:31:30.964000"
"1906","7.125","2532248.608271","37.983729","2026-04-25 01:31:33.496000"
"1907","7.125","334850.327174","5.022755","2026-04-25 01:31:33.831000"
"1908","7.125","2666157.325109","39.99236","2026-04-25 01:31:36.497000"
"1909","7.125","531059.598922999","7.965894","2026-04-25 01:31:37.028000"
"1910","7.125","2329460.334778","34.941905","2026-04-25 01:31:39.358000"
"1911","7.125","461285.654704","6.919285","2026-04-25 01:31:39.819000"
"1912","7.125","3669623.661041","55.044355","2026-04-25 01:31:43.489000"
"1913","6.705882","2687799.751759","43.004796","2026-04-25 01:31:46.177000"
"1914","7.125","2062635.993958","30.93954","2026-04-25 01:31:48.239000"
"1915","7.125","459205.722809","6.888086","2026-04-25 01:31:48.698000"
"1916","7.125","3004856.80898","45.072852","2026-04-25 01:31:51.703000"
"1917","7.125","4003511.921565","60.052679","2026-04-25 01:31:55.707000"
"1918","7.125","2663556.2102","39.953343","2026-04-25 01:31:58.370000"
"1919","7.125","3000072.463353","45.001087","2026-04-25 01:32:01.370000"
"1920","7.125","3262366.596858","48.935499","2026-04-25 01:32:04.633000"
"1921","7.125","1595355.39945","23.930331","2026-04-25 01:32:06.228000"
"1922","8.142857","2466289.226825","32.06176","2026-04-25 01:32:08.694000"
"1923","7.125","1193369.738261","17.900546","2026-04-25 01:32:09.888000"
"1924","7.125","4069196.653366","61.03795","2026-04-25 01:32:13.957000"
"1925","7.125","736304.998397999","11.044575","2026-04-25 01:32:14.693000"
"1926","7.125","2804397.662481","42.065965","2026-04-25 01:32:17.498000"
"1927","7.125","2399305.597941","35.989584","2026-04-25 01:32:19.897000"
"1928","7.125","2798624.134064","41.979362","2026-04-25 01:32:22.696000"
"1929","7.125","859123.388926","12.886851","2026-04-25 01:32:23.555000"
"1930","7.125","524795.198441","7.871928","2026-04-25 01:32:24.079000"
"1931","7.125","2338366.731008","35.075501","2026-04-25 01:32:26.418000"
"1932","7.125","2135576.59785","32.033649","2026-04-25 01:32:28.553000"
"1933","7.125","2337431.462606","35.0614719999999","2026-04-25 01:32:30.891000"
"1934","7.125","328129.736582","4.921946","2026-04-25 01:32:31.219000"
"1935","7.125","3130737.400055","46.961061","2026-04-25 01:32:34.350000"
"1936","7.125","728574.387232","10.928616","2026-04-25 01:32:35.078000"
"1937","7.125","2398417.329788","35.97626","2026-04-25 01:32:37.477000"
"1938","7.125","4006445.058187","60.096676","2026-04-25 01:32:41.483000"
"1939","7.125","3338922.32577","50.083835","2026-04-25 01:32:44.822000"
"1940","8.142857","2697789.834096","35.071268","2026-04-25 01:32:47.520000"
"1941","7.125","1137889.464696","17.068342","2026-04-25 01:32:48.658000"
"1942","7.125","1530837.138494","22.962557","2026-04-25 01:32:50.189000"
"1943","7.125","3671325.731277","55.069886","2026-04-25 01:32:53.860000"
"1944","7.125","1129525.677363","16.942885","2026-04-25 01:32:54.989000"
"1945","6.333333","177482.170217","3.017197","2026-04-25 01:32:55.167000"
"1946","7.125","2199164.72435","32.987471","2026-04-25 01:32:57.366000"
"1947","7.125","737834.596634","11.067519","2026-04-25 01:32:58.104000"
"1948","7.125","1205075.86797099","18.076138","2026-04-25 01:32:59.309000"
"1949","7.125","3274511.734645","49.117676","2026-04-25 01:33:02.584000"
"1950","7.125","2527656.348546","37.914845","2026-04-25 01:33:05.111000"
"1951","6.333333","2230334.057527","37.915679","2026-04-25 01:33:07.342000"
"1952","7.125","3265708.462397","48.985627","2026-04-25 01:33:10.607000"
"1953","7.125","2000848.881404","30.012733","2026-04-25 01:33:12.608000"
"1954","7.125","3004719.607035","45.070794","2026-04-25 01:33:15.613000"
"1955","7.125","933330.933253","13.999964","2026-04-25 01:33:16.546000"
"1956","7.125","3463644.790649","51.954672","2026-04-25 01:33:20.010000"
"1957","7.125","862397.464116","12.935962","2026-04-25 01:33:20.872000"
"1958","7.125","190730.539958","2.860958","2026-04-25 01:33:21.063000"
"1959","7.125","869717.868169","13.045768","2026-04-25 01:33:21.933000"
"1960","7.125","2264853.477478","33.972802","2026-04-25 01:33:24.197000"
"1961","7.125","1803198.989232","27.047985","2026-04-25 01:33:26.001000"
"1962","7.125","2397667.805354","35.965017","2026-04-25 01:33:28.398000"
"1963","7.125","260178.804398","3.902682","2026-04-25 01:33:28.659000"
"1964","7.125","199337.991079","2.99007","2026-04-25 01:33:28.858000"
"1965","7.125","2799682.14035","41.995232","2026-04-25 01:33:31.658000"
"1966","7.125","2132835.737864","31.992536","2026-04-25 01:33:33.790000"
"1967","8.142857","4689927.302874","60.969055","2026-04-25 01:33:38.480000"
"1968","6.875","2874815.479914","43.122232","2026-04-25 01:33:41.355000"
"1969","7.125","4132872.120539","61.993082","2026-04-25 01:33:45.488000"
"1970","7.125","3599192.253749","53.987884","2026-04-25 01:33:49.087000"
"1971","7.125","3404599.936803","51.068999","2026-04-25 01:33:52.492000"
"1972","7.125","602189.270655","9.032839","2026-04-25 01:33:53.094000"
"1973","7.125","2131999.476751","31.979992","2026-04-25 01:33:55.226000"
"1974","7.125","1337579.806646","20.063697","2026-04-25 01:33:56.564000"
"1975","7.125","2804771.471024","42.071572","2026-04-25 01:33:59.368000"
"1976","6.875","1402320.798238","21.034812","2026-04-25 01:34:00.771000"
"1977","7.125","2068325.328827","31.02488","2026-04-25 01:34:02.839000"
"1978","7.125","1729965.130488","25.949477","2026-04-25 01:34:04.569000"
"1979","7.125","926876.25885","13.903144","2026-04-25 01:34:05.496000"
"1980","7.125","859172.074","12.887581","2026-04-25 01:34:06.355000"
"1981","7.125","3671874.539057","55.078118","2026-04-25 01:34:10.027000"
"1982","8.142857","4623023.931797","60.099311","2026-04-25 01:34:14.650000"
"1983","7.125","740527.868271","11.107918","2026-04-25 01:34:15.390000"
"1984","7.125","1279894.399643","19.198416","2026-04-25 01:34:16.670000"
"1985","6.875","1204585.663478","18.068785","2026-04-25 01:34:17.875000"
"1986","7.125","2073053.789139","31.095807","2026-04-25 01:34:19.948000"
"1987","7.125","3339015.928904","50.085239","2026-04-25 01:34:23.287000"
"1988","6.875","663744.258881","9.956164","2026-04-25 01:34:23.951000"
"1989","7.125","2934039.274851","44.010589","2026-04-25 01:34:26.885000"
"1990","7.85714299999999","2460384.919093","31.985004","2026-04-25 01:34:29.345000"
"1991","6.875","3266136.598587","48.992049","2026-04-25 01:34:32.611000"
"1992","6.875","2262803.999583","33.94206","2026-04-25 01:34:34.874000"
"1993","6.875","868972.142537","13.034582","2026-04-25 01:34:35.743000"
"1994","7.125","473916.387558","7.108746","2026-04-25 01:34:36.217000"
"1995","7.125","1936921.993891","29.05383","2026-04-25 01:34:38.154000"
"1996","6.875","1063108.936946","15.946634","2026-04-25 01:34:39.217000"
"1997","6.875","2063551.20341","30.953268","2026-04-25 01:34:41.281000"
"1998","7.125","2998071.797689","44.971077","2026-04-25 01:34:44.279000"
"1999","6.875","2538637.669881","38.079565","2026-04-25 01:34:46.817000"
"2000","6.875","2471724.462509","37.075867","2026-04-25 01:34:49.289000"
"2001","6.875","1861777.941386","27.926669","2026-04-25 01:34:51.151000"
"2002","6.875","737047.529221","11.055713","2026-04-25 01:34:51.888000"
"2003","6.875","2264985.21169","33.974778","2026-04-25 01:34:54.153000"
"2004","6.875","4064876.000086","60.97314","2026-04-25 01:34:58.218000"
"2005","7.125","3131657.727559","46.974866","2026-04-25 01:35:01.349000"
"2006","6.875","3793003.670375","56.895055","2026-04-25 01:35:05.142000"
"2007","6.875","2670715.332031","40.06073","2026-04-25 01:35:07.813000"
"2008","6.875","2329908.402761","34.948626","2026-04-25 01:35:10.143000"
"2009","6.705882","498883.5603","7.982137","2026-04-25 01:35:10.642000"
"2010","6.875","3469021.987915","52.03533","2026-04-25 01:35:14.111000"
"2011","6.875","2000229.994456","30.00345","2026-04-25 01:35:16.111000"
"2012","6.875","1460521.062215","21.907816","2026-04-25 01:35:17.572000"
"2013","6.875","3394028.266271","50.910424","2026-04-25 01:35:20.966000"
"2014","6.875","2128990.332286","31.934855","2026-04-25 01:35:23.095000"
"2015","6.875","2194226.932526","32.913404","2026-04-25 01:35:25.289000"
"2016","6.875","1127763.525645","16.916453","2026-04-25 01:35:26.417000"
"2017","6.875","262585.735321","3.938786","2026-04-25 01:35:26.679000"
"2018","6.875","193978.92952","2.909684","2026-04-25 01:35:26.873000"
"2019","6.875","1731937.853495","25.979068","2026-04-25 01:35:28.605000"
"2020","7.125","2536531.670888","38.047975","2026-04-25 01:35:31.142000"
"2021","6.875","670743.672053","10.061155","2026-04-25 01:35:31.812000"
"2022","6.875","2201286.60202","33.019299","2026-04-25 01:35:34.014000"
"2023","7.125","1669692.866007","25.045393","2026-04-25 01:35:35.683000"
"2024","6.875","2729451.402028","40.941771","2026-04-25 01:35:38.413000"
"2025","6.875","2139856.131872","32.097842","2026-04-25 01:35:40.553000"
"2026","7.125","2729644.266764","40.944664","2026-04-25 01:35:43.282000"
"2027","6.875","3464882.262548","51.973234","2026-04-25 01:35:46.747000"
"2028","6.875","1932817.602158","28.992264","2026-04-25 01:35:48.680000"
"2029","7.125","1669724.925359","25.045874","2026-04-25 01:35:50.350000"
"2030","8.142857","1771438.085116","23.028695","2026-04-25 01:35:52.121000"
"2031","6.875","1126660.013199","16.8999","2026-04-25 01:35:53.248000"
"2032","6.875","1202120.796839","18.031812","2026-04-25 01:35:54.450000"
"2033","6.875","2406241.067251","36.093616","2026-04-25 01:35:56.856000"
"2034","6.875","1263215.462367","18.948232","2026-04-25 01:35:58.119000"
"2035","7.125","4066505.543391","60.997583","2026-04-25 01:36:02.186000"
"2036","7.125","2204321.861267","33.064828","2026-04-25 01:36:04.390000"
"2037","7.125","3999263.461431","59.988952","2026-04-25 01:36:08.389000"
"2038","7.125","3402327.601115","51.034914","2026-04-25 01:36:11.792000"
"2039","7.125","2062362.877528","30.935443","2026-04-25 01:36:13.854000"
"2040","7.125","861150.201162","12.917253","2026-04-25 01:36:14.715000"
"2041","8.142857","848718.771568","11.033344","2026-04-25 01:36:15.564000"
"2042","7.125","3531581.656138","52.973725","2026-04-25 01:36:19.096000"
"2043","7.125","3463338.99498","51.950085","2026-04-25 01:36:22.559000"
"2044","7.125","2063349.723816","30.950246","2026-04-25 01:36:24.622000"
"2045","8.142857","2381199.084795","30.955588","2026-04-25 01:36:27.004000"
"2046","7.125","3601407.337189","54.02111","2026-04-25 01:36:30.605000"
"2047","8.142857","2536095.234064","32.969238","2026-04-25 01:36:33.141000"
"2048","7.125","1593478.93397","23.902184","2026-04-25 01:36:34.735000"
"2049","7.125","2400179.942449","36.002699","2026-04-25 01:36:37.135000"
"2050","7.125","4071588.611603","61.073829","2026-04-25 01:36:41.206000"
"2051","7.125","2203781.064351","33.0567159999999","2026-04-25 01:36:43.410000"
"2052","6.333333","2355224.469129","40.038816","2026-04-25 01:36:45.765000"
"2053","7.125","663269.933065","9.949049","2026-04-25 01:36:46.429000"
"2054","7.125","805137.745539","12.077066","2026-04-25 01:36:47.234000"
"2055","7.125","2996216.742198","44.943251","2026-04-25 01:36:50.230000"
"2056","7.125","2728901.004791","40.933515","2026-04-25 01:36:52.959000"
"2057","7.125","3130117.670695","46.951765","2026-04-25 01:36:56.089000"
"2058","7.125","3127230.930328","46.908464","2026-04-25 01:36:59.216000"
"2059","7.125","2269842.068354","34.047631","2026-04-25 01:37:01.486000"
"2060","7.125","2664863.332113","39.97295","2026-04-25 01:37:04.151000"
"2061","8.142857","4613556.219981","59.976231","2026-04-25 01:37:08.764000"
"2062","7.125","1802449.40122","27.036741","2026-04-25 01:37:10.567000"
"2063","7.125","1529856.475194","22.947847","2026-04-25 01:37:12.097000"
"2064","7.125","3532368.930181","52.985534","2026-04-25 01:37:15.629000"
"2065","7.125","3193503.26856","47.902549","2026-04-25 01:37:18.823000"
"2066","7.125","1264938.19554599","18.974073","2026-04-25 01:37:20.088000"
"2067","7.125","2396736.796697","35.951052","2026-04-25 01:37:22.484000"
"2068","7.125","1405451.202393","21.081768","2026-04-25 01:37:23.890000"
"2069","7.125","1867465.670904","28.011985","2026-04-25 01:37:25.757000"
"2070","6.333333","1817827.407052","30.903066","2026-04-25 01:37:27.575000"
"2071","7.125","401310.332616","6.019655","2026-04-25 01:37:27.976000"
"2072","7.125","3740188.932419","56.102834","2026-04-25 01:37:31.717000"
"2073","7.125","3737993.272146","56.069899","2026-04-25 01:37:35.455000"
"2074","7.125","1996763.801575","29.951457","2026-04-25 01:37:37.451000"
"2075","7.125","1936350.138982","29.045252","2026-04-25 01:37:39.388000"
"2076","7.125","1531058.994929","22.965885","2026-04-25 01:37:40.919000"
"2077","7.125","1934455.998739","29.01684","2026-04-25 01:37:42.853000"
"2078","7.125","1668718.98969","25.030785","2026-04-25 01:37:44.522000"
"2079","7.125","3078194.061915","46.172911","2026-04-25 01:37:47.600000"
"2080","7.125","3072956.196467","46.094343","2026-04-25 01:37:50.673000"
"2081","7.125","3071451.997757","46.07178","2026-04-25 01:37:53.744000"
"2082","7.125","2130264.600118","31.953969","2026-04-25 01:37:55.875000"
"2083","7.125","4129598.077138","61.943971","2026-04-25 01:38:00.004000"
"2084","7.125","3338721.052806","50.080816","2026-04-25 01:38:03.343000"
"2085","7.125","1339541.530609","20.093123","2026-04-25 01:38:04.683000"
"2086","8.142857","1931539.608882","25.110015","2026-04-25 01:38:06.614000"
"2087","7.125","3203827.937444","48.057419","2026-04-25 01:38:09.818000"
"2088","7.125","3470554.065704","52.058311","2026-04-25 01:38:13.289000"
"2089","7.125","533911.466598999","8.008672","2026-04-25 01:38:13.822000"
"2090","7.125","4064491.939545","60.967379","2026-04-25 01:38:17.887000"
"2091","7.125","2666027.800242","39.990417","2026-04-25 01:38:20.553000"
"2092","7.125","3867485.253016","58.012279","2026-04-25 01:38:24.420000"
"2093","7.125","3130444.002151","46.95666","2026-04-25 01:38:27.551000"
"2094","8.142857","1393997.13736299","18.121963","2026-04-25 01:38:28.945000"
"2095","7.125","3139893.611272","47.098404","2026-04-25 01:38:32.085000"
"2096","7.125","2996833.276749","44.952499","2026-04-25 01:38:35.082000"
"2097","7.125","3537858.533859","53.067878","2026-04-25 01:38:38.619000"
"2098","7.125","2262378.533681","33.935678","2026-04-25 01:38:40.882000"
"2099","7.125","3404722.78595","51.070842","2026-04-25 01:38:44.287000"
"2100","8.142857","306372.07398","3.982837","2026-04-25 01:38:44.593000"
"2101","7.125","1929300.467173","28.939507","2026-04-25 01:38:46.522000"
"2102","7.125","199031.209946","2.985468","2026-04-25 01:38:46.721000"
"2103","7.125","2198666.000366","32.97999","2026-04-25 01:38:48.920000"
"2104","7.125","3797793.277105","56.966899","2026-04-25 01:38:52.718000"
"2105","7.125","400024.414062","6.000366","2026-04-25 01:38:53.118000"
"2106","7.125","3133945.067724","47.009176","2026-04-25 01:38:56.252000"
"2107","7.125","2729926.331838","40.948895","2026-04-25 01:38:58.982000"
"2108","7.125","1263868.141174","18.958022","2026-04-25 01:39:00.245000"
"2109","7.125","3268139.93454","49.022099","2026-04-25 01:39:03.514000"
"2110","7.125","3537325.874964","53.059888","2026-04-25 01:39:07.051000"
"2111","7.125","2529292.519887","37.939388","2026-04-25 01:39:09.580000"
"2112","7.125","3202560.05923","48.038401","2026-04-25 01:39:12.783000"
"2113","7.125","1798244.921366","26.973674","2026-04-25 01:39:14.581000"
"2114","7.125","1463491.741816","21.952376","2026-04-25 01:39:16.045000"
"2115","7.125","2528814.252218","37.932214","2026-04-25 01:39:18.573000"
"2116","7.125","1326427.602768","19.896414","2026-04-25 01:39:19.900000"
"2117","7.125","1730216.868718","25.953253","2026-04-25 01:39:21.630000"
"2118","8.142857","1762466.779122","22.912068","2026-04-25 01:39:23.392000"
"2119","6.222222","761144.708185","12.93946","2026-04-25 01:39:24.154000"
"2120","8.142857","3305004.853469","42.965063","2026-04-25 01:39:27.459000"
"2121","7","1528956.73116","22.934351","2026-04-25 01:39:28.988000"
"2122","7.125","1939834.276835","29.097514","2026-04-25 01:39:30.927000"
"2123","7","996033.143997","14.940497","2026-04-25 01:39:31.923000"
"2124","7.125","468292.872111","7.02439299999999","2026-04-25 01:39:32.392000"
"2125","7.125","3338520.002365","50.0778","2026-04-25 01:39:35.730000"
"2126","7.125","3403523.397446","51.052851","2026-04-25 01:39:39.134000"
"2127","7","2206420.946121","33.096314","2026-04-25 01:39:41.340000"
"2128","7","1003686.730067","15.055301","2026-04-25 01:39:42.344000"
"2129","7","2203498.72907","33.052481","2026-04-25 01:39:44.547000"
"2130","7","2068830.664953","31.03246","2026-04-25 01:39:46.616000"
"2131","7","532597.12855","7.988957","2026-04-25 01:39:47.149000"
"2132","7","3931033.865611","58.9655079999999","2026-04-25 01:39:51.080000"
"2133","7","2794038.1368","41.910572","2026-04-25 01:39:53.874000"
"2134","7","1003168.010712","15.04752","2026-04-25 01:39:54.877000"
"2135","6.588235","2060766.816139","32.972269","2026-04-25 01:39:56.938000"
"2136","7","2862789.742152","42.941846","2026-04-25 01:39:59.801000"
"2137","7","794908.87324","11.923633","2026-04-25 01:40:00.596000"
"2138","7","2136962.52505","32.054438","2026-04-25 01:40:02.732000"
"2139","7","335850.270589","5.037754","2026-04-25 01:40:03.068000"
"2140","7.125","1069109.26501","16.036639","2026-04-25 01:40:04.137000"
"2141","7","1537039.327621","23.05559","2026-04-25 01:40:05.674000"
"2142","7","1402084.811529","21.031272","2026-04-25 01:40:07.077000"
"2143","7","2138394.800822","32.075922","2026-04-25 01:40:09.215000"
"2144","8","3384730.37573","44.001495","2026-04-25 01:40:12.600000"
"2145","7","2531274.207433","37.969113","2026-04-25 01:40:15.131000"
"2146","7","3872780.195872","58.091703","2026-04-25 01:40:19.004000"
"2147","7","661577.399572","9.923661","2026-04-25 01:40:19.665000"
"2148","7","2400170.930227","36.002564","2026-04-25 01:40:22.065000"
"2149","7","1271803.792318","19.077057","2026-04-25 01:40:23.337000"
"2150","7.125","2202137.804031","33.032067","2026-04-25 01:40:25.539000"
"2151","7","934008.725484","14.010131","2026-04-25 01:40:26.473000"
"2152","7","2272954.797745","34.094322","2026-04-25 01:40:28.746000"
"2153","6.588235","248552.054167","3.976833","2026-04-25 01:40:28.995000"
"2154","6.222222","1233607.348274","20.971325","2026-04-25 01:40:30.229000"
"2155","7","929835.526148","13.9475329999999","2026-04-25 01:40:31.158000"
"2156","7","1327705.605825","19.915584","2026-04-25 01:40:32.486000"
"2157","7","2472766.52654","37.091498","2026-04-25 01:40:34.959000"
"2158","7","392869.202296","5.893038","2026-04-25 01:40:35.352000"
"2159","7","3802818.584442","57.042279","2026-04-25 01:40:39.155000"
"2160","7","1259456.459681","18.891847","2026-04-25 01:40:40.414000"
"2161","7","868543.799718","13.028157","2026-04-25 01:40:41.283000"
"2162","7","463413.143158","6.951197","2026-04-25 01:40:41.746000"
"2163","7","3543940.941493","53.159114","2026-04-25 01:40:45.290000"
"2164","7","1136792.596181","17.051889","2026-04-25 01:40:46.427000"
"2165","7","1664144.865672","24.962173","2026-04-25 01:40:48.091000"
"2166","7","2469751.405716","37.046271","2026-04-25 01:40:50.561000"
"2167","7","3799562.994639","56.993445","2026-04-25 01:40:54.360000"
"2168","7.125","3599091.259638","53.986369","2026-04-25 01:40:57.959000"
"2169","7","800669.606527","12.010044","2026-04-25 01:40:58.760000"
"2170","7","1861705.064774","27.925576","2026-04-25 01:41:00.622000"
"2171","7","3472351.741791","52.085276","2026-04-25 01:41:04.094000"
"2172","7","800280.125935999","12.004202","2026-04-25 01:41:04.894000"
"2173","7.125","1001218.001048","15.01827","2026-04-25 01:41:05.895000"
"2174","7.125","3937705.53271","59.065583","2026-04-25 01:41:09.833000"
"2175","8","3391659.993392","44.09158","2026-04-25 01:41:13.225000"
"2176","7.125","602493.333817","9.0374","2026-04-25 01:41:13.827000"
"2177","7","1064140.939713","15.962114","2026-04-25 01:41:14.891000"
"2178","8.142857","3936779.774152","51.178137","2026-04-25 01:41:18.828000"
"2179","7","3006369.336446","45.09554","2026-04-25 01:41:21.835000"
"2180","7","1660763.804118","24.911457","2026-04-25 01:41:23.495000"
"2181","7","2063990.4658","30.959857","2026-04-25 01:41:25.559000"
"2182","7","2063593.403498","30.953901","2026-04-25 01:41:27.623000"
"2183","7.125","2738732.528687","41.080988","2026-04-25 01:41:30.362000"
"2184","7.125","527491.935094","7.912379","2026-04-25 01:41:30.889000"
"2185","7.125","265669.520696","3.985043","2026-04-25 01:41:31.155000"
"2186","7","2663312.721252","39.949691","2026-04-25 01:41:33.818000"
"2187","8.142857","1153517.081187","14.995722","2026-04-25 01:41:34.972000"
"2188","7.125","1402701.727549","21.040526","2026-04-25 01:41:36.374000"
"2189","7.125","1602426.274618","24.036394","2026-04-25 01:41:37.977000"
"2190","8.142857","2772650.076793","36.044451","2026-04-25 01:41:40.749000"
"2191","7.125","2404600.811005","36.069012","2026-04-25 01:41:43.154000"
"2192","7.125","1005146.741867","15.077201","2026-04-25 01:41:44.159000"
"2193","7.125","1664011.796316","24.960177","2026-04-25 01:41:45.823000"
"2194","7.125","2404549.996058","36.06825","2026-04-25 01:41:48.228000"
"2195","7.125","798006.995519","11.970105","2026-04-25 01:41:49.026000"
"2196","7.125","3597058.5982","53.955879","2026-04-25 01:41:52.623000"
"2197","7.125","1996571.07989","29.948566","2026-04-25 01:41:54.619000"
"2198","7.125","3462339.798609","51.935097","2026-04-25 01:41:58.082000"
"2199","7.125","3003089.729945","45.046346","2026-04-25 01:42:01.085000"
"2200","6.333333","1054549.287347","17.927338","2026-04-25 01:42:02.139000"
"2201","7.125","2063655.138016","30.954827","2026-04-25 01:42:04.203000"
"2202","8.142857","3158778.539071","41.064121","2026-04-25 01:42:07.362000"
"2203","7.125","1731946.802139","25.979202","2026-04-25 01:42:09.094000"
"2204","6.705882","941247.195005","15.059955","2026-04-25 01:42:10.035000"
"2205","7.125","2665302.403768","39.979536","2026-04-25 01:42:12.700000"
"2206","7.125","394455.210368","5.916828","2026-04-25 01:42:13.095000"
"2207","7.125","800030.724208","12.000461","2026-04-25 01:42:13.895000"
"2208","8.142857","2699807.313772","35.097495","2026-04-25 01:42:16.595000"
"2209","7.125","2936222.1241","44.043332","2026-04-25 01:42:19.531000"
"2210","7.125","1734225.92480999","26.013389","2026-04-25 01:42:21.265000"
"2211","7.125","3605732.059479","54.085981","2026-04-25 01:42:24.871000"
"2212","7.125","3070307.795207","46.054617","2026-04-25 01:42:27.941000"
"2213","7.125","4061645.873388","60.924688","2026-04-25 01:42:32.003000"
"2214","7.125","1802186.600367","27.032799","2026-04-25 01:42:33.805000"
"2215","7.125","2931193.463008","43.967902","2026-04-25 01:42:36.736000"
"2216","7.125","1134913.857778","17.023708","2026-04-25 01:42:37.871000"
"2217","7.125","596576.658885","8.94865","2026-04-25 01:42:38.468000"
"2218","7.125","2404030.672709","36.06046","2026-04-25 01:42:40.872000"
"2219","7.125","1602352.333069","24.035285","2026-04-25 01:42:42.474000"
"2220","7.125","2533873.589834","38.008104","2026-04-25 01:42:45.008000"
"2221","7.125","2531418.800354","37.971282","2026-04-25 01:42:47.539000"
"2222","7.125","3605911.127726","54.088667","2026-04-25 01:42:51.145000"
"2223","7.125","3940949.53537","59.114243","2026-04-25 01:42:55.086000"
"2224","7.125","3733720.604579","56.005809","2026-04-25 01:42:58.820000"
"2225","7.125","2865376.202265","42.980643","2026-04-25 01:43:01.685000"
"2226","7.125","203025.929133","3.045389","2026-04-25 01:43:01.888000"
"2227","7.125","930731.074015","13.960966","2026-04-25 01:43:02.819000"
"2228","7.125","1862044.874827","27.930673","2026-04-25 01:43:04.681000"
"2229","8.142857","4693218.781398","61.011844","2026-04-25 01:43:09.374000"
"2230","7.125","1803045.463562","27.045682","2026-04-25 01:43:11.177000"
"2231","7.125","727940.336863","10.919105","2026-04-25 01:43:11.905000"
"2232","7.125","2070513.407389","31.057701","2026-04-25 01:43:13.976000"
"2233","7.125","1396408.669154","20.94613","2026-04-25 01:43:15.372000"
"2234","8.142857","1149377.602797","14.941909","2026-04-25 01:43:16.522000"
"2235","7.125","4066752.926509","61.001294","2026-04-25 01:43:20.588000"
"2236","8.142857","4783082.540219","62.180073","2026-04-25 01:43:25.371000"
"2237","8.142857","4074070.086846","52.962911","2026-04-25 01:43:29.445000"
"2238","7.125","1138537.073135","17.078056","2026-04-25 01:43:30.584000"
"2239","7.125","3203734.064102","48.056011","2026-04-25 01:43:33.788000"
"2240","7.125","1268943.325679","19.03415","2026-04-25 01:43:35.057000"
"2241","7.125","3798055.076599","56.970826","2026-04-25 01:43:38.855000"
"2242","7.125","3868997.939428","58.034969","2026-04-25 01:43:42.724000"
"2243","7.125","3461966.657639","51.9295","2026-04-25 01:43:46.186000"
"2244","7.125","1336030.673981","20.04046","2026-04-25 01:43:47.522000"
"2245","7.125","469252.411524","7.038786","2026-04-25 01:43:47.991000"
"2246","6.705882","2629325.121641","42.069202","2026-04-25 01:43:50.620000"
"2247","7.125","3605758.810043","54.0863819999999","2026-04-25 01:43:54.226000"
"2248","7.125","399902.788798","5.998542","2026-04-25 01:43:54.626000"
"2249","7.125","3469128.00471","52.03692","2026-04-25 01:43:58.095000"
"2250","7.125","268055.327733","4.02083","2026-04-25 01:43:58.363000"
"2251","7.125","659900.474547999","9.898507","2026-04-25 01:43:59.023000"
"2252","7.125","527446.476618","7.911697","2026-04-25 01:43:59.550000"
"2253","7.125","265632.597605","3.984489","2026-04-25 01:43:59.816000"
"2254","7.125","2196221.542358","32.943323","2026-04-25 01:44:02.012000"
"2255","7.125","2997768.004735","44.96652","2026-04-25 01:44:05.010000"
"2256","7.125","603342.676163","9.05014","2026-04-25 01:44:05.613000"
"2257","7.125","2993993.806839","44.909907","2026-04-25 01:44:08.607000"
"2258","7.125","468791.19873","7.03186799999999","2026-04-25 01:44:09.076000"
"2259","7.125","2939212.067922","44.088181","2026-04-25 01:44:12.015000"
"2260","7.125","3539383.268356","53.090749","2026-04-25 01:44:15.555000"
"2261","7.85714299999999","3380477.703535","43.94621","2026-04-25 01:44:18.935000"
"2262","7.125","934829.998016","14.02245","2026-04-25 01:44:19.870000"
"2263","7.125","259920.199712","3.898803","2026-04-25 01:44:20.130000"
"2264","8.142857","223689.757861","2.907967","2026-04-25 01:44:20.354000"
"2265","7.125","1003039.328257","15.04559","2026-04-25 01:44:21.357000"
"2266","7.125","1602937.269211","24.044059","2026-04-25 01:44:22.960000"
"2267","7.125","3733552.185694","56.003283","2026-04-25 01:44:26.693000"
"2268","7.125","3538042.068481","53.070631","2026-04-25 01:44:30.231000"
"2269","6.875","1797353.919347","26.960309","2026-04-25 01:44:32.029000"
"2270","6.875","3999105.532964","59.986583","2026-04-25 01:44:36.028000"
"2271","6.875","394393.523534","5.915903","2026-04-25 01:44:36.422000"
"2272","7.125","1526871.124903","22.903067","2026-04-25 01:44:37.949000"
"2273","7.85714299999999","610507.469911","7.936597","2026-04-25 01:44:38.560000"
"2274","7.125","2206599.060694","33.098986","2026-04-25 01:44:40.766000"
"2275","7.85714299999999","928564.310074","12.071336","2026-04-25 01:44:41.695000"
"2276","7.125","1934055.328369","29.01083","2026-04-25 01:44:43.629000"
"2277","6.875","2002306.191127","30.034593","2026-04-25 01:44:45.631000"
"2278","7.85714299999999","4467546.389653","58.078103","2026-04-25 01:44:50.099000"
"2279","6.875","1730759.12793499","25.961387","2026-04-25 01:44:51.829000"
"2280","6.875","194735.336304","2.92103","2026-04-25 01:44:52.024000"
"2281","7.125","2140207.004547","32.103105","2026-04-25 01:44:54.164000"
"2282","6.333333","3174998.002894","53.974966","2026-04-25 01:44:57.339000"
"2283","6.875","676492.261887","10.147384","2026-04-25 01:44:58.016000"
"2284","7.125","260712.862015","3.910693","2026-04-25 01:44:58.277000"
"2285","7.125","3541477.266947","53.122159","2026-04-25 01:45:01.818000"
"2286","7.125","803301.668167","12.049525","2026-04-25 01:45:02.621000"
"2287","7.125","404521.799088","6.06782699999999","2026-04-25 01:45:03.026000"
"2288","7.125","1395243.994395","20.92866","2026-04-25 01:45:04.421000"
"2289","6.875","1932457.860311","28.986868","2026-04-25 01:45:06.354000"
"2290","6.875","1470733.340581","22.061","2026-04-25 01:45:07.824000"
"2291","6.875","927055.660884","13.905835","2026-04-25 01:45:08.751000"
"2292","6.875","3530183.537801","52.952753","2026-04-25 01:45:12.282000"
"2293","6.875","458680.327733","6.880205","2026-04-25 01:45:12.740000"
"2294","6.875","3594728.533427","53.920928","2026-04-25 01:45:16.335000"
"2295","6.111111","1589688.413283","27.024703","2026-04-25 01:45:17.925000"
"2296","6.875","3537722.476323","53.065837","2026-04-25 01:45:21.462000"
"2297","6.875","2071139.669418","31.067095","2026-04-25 01:45:23.533000"
"2298","6.875","2069211.006165","31.038165","2026-04-25 01:45:25.603000"
"2299","6.875","2406224.727631","36.093371","2026-04-25 01:45:28.009000"
"2300","6.875","336049.858729","5.040748","2026-04-25 01:45:28.345000"
"2301","6.875","602498.467763","9.037477","2026-04-25 01:45:28.947000"
"2302","6.875","2003653.001785","30.054795","2026-04-25 01:45:30.951000"
"2303","6.875","1002419.344584","15.03629","2026-04-25 01:45:31.954000"
"2304","7.85714299999999","1849199.460103","24.039593","2026-04-25 01:45:33.803000"
"2305","6.875","793453.264236","11.901799","2026-04-25 01:45:34.596000"
"2306","6.875","2467933.209737","37.018998","2026-04-25 01:45:37.064000"
"2307","6.875","2126996.135712","31.904942","2026-04-25 01:45:39.191000"
"2308","6.875","2671231.87383","40.068478","2026-04-25 01:45:41.862000"
"2309","6.875","3466220.267614","51.993304","2026-04-25 01:45:45.329000"
"2310","6.875","1603488.397598","24.052326","2026-04-25 01:45:46.932000"
"2311","6.875","2932848.469416","43.992727","2026-04-25 01:45:49.865000"
"2312","7.125","1930428.520838","28.956428","2026-04-25 01:45:51.795000"
"2313","7.125","4137789.853414","62.066848","2026-04-25 01:45:55.933000"
"2314","7.125","1465174.388885","21.977616","2026-04-25 01:45:57.398000"
"2315","7.125","3796258.529027","56.943878","2026-04-25 01:46:01.195000"
"2316","7.125","3205458.005269","48.08187","2026-04-25 01:46:04.400000"
"2317","7.125","1932795.60407","28.991934","2026-04-25 01:46:06.333000"
"2318","7.125","1604914.458593","24.073717","2026-04-25 01:46:07.938000"
"2319","7.125","3467947.673798","52.019215","2026-04-25 01:46:11.406000"
"2320","7.125","931933.927536","13.979009","2026-04-25 01:46:12.338000"
"2321","8.142857","2619241.531079","34.05014","2026-04-25 01:46:14.957000"
"2322","7.125","258570.067088","3.878551","2026-04-25 01:46:15.215000"
"2323","6.705882","1620971.739292","25.935548","2026-04-25 01:46:16.836000"
"2324","7.125","330556.599299","4.958349","2026-04-25 01:46:17.167000"
"2325","7.125","1064292.33551","15.964385","2026-04-25 01:46:18.231000"
"2326","7.125","4071921.141942","61.078817","2026-04-25 01:46:22.303000"
"2327","7.125","1003046.941757","15.045704","2026-04-25 01:46:23.306000"
"2328","7.125","2665261.077881","39.978916","2026-04-25 01:46:25.971000"
"2329","7.125","543368.132909","8.150522","2026-04-25 01:46:26.515000"
"2330","7.6","3654097.13132","51.15736","2026-04-25 01:46:30.169000"
"2331","7.125","3463652.133942","51.954782","2026-04-25 01:46:33.633000"
"2332","8.142857","993181.833854","12.911364","2026-04-25 01:46:34.626000"
"2333","6.705882","1873174.935579","29.970799","2026-04-25 01:46:36.499000"
"2334","7.125","1660322.205226","24.904833","2026-04-25 01:46:38.159000"
"2335","7.125","1462012.402217","21.930186","2026-04-25 01:46:39.621000"
"2336","7.125","793577.464422","11.903662","2026-04-25 01:46:40.415000"
"2337","7.125","260028.791428","3.900432","2026-04-25 01:46:40.675000"
"2338","7.125","1261899.201075","18.928488","2026-04-25 01:46:41.937000"
"2339","6.333333","1060359.407874","18.02611","2026-04-25 01:46:42.997000"
"2340","7.125","2137642.653783","32.06464","2026-04-25 01:46:45.135000"
"2341","7.125","402829.472224","6.04244199999999","2026-04-25 01:46:45.538000"
"2342","7.125","2667283.66216","40.009255","2026-04-25 01:46:48.205000"
"2343","7.125","3461491.600672","51.922374","2026-04-25 01:46:51.666000"
"2344","7.125","3204375.871023","48.065638","2026-04-25 01:46:54.871000"
"2345","7.125","1861863.597234","27.927954","2026-04-25 01:46:56.733000"
"2346","7.125","2662091.064453","39.931366","2026-04-25 01:46:59.395000"
"2347","7.125","3464752.467473","51.971287","2026-04-25 01:47:02.859000"
"2348","7.125","936477.994919","14.04717","2026-04-25 01:47:03.796000"
"2349","7.125","3667438.856761","55.011583","2026-04-25 01:47:07.463000"
"2350","8.142857","1230062.924899","15.990818","2026-04-25 01:47:08.693000"
"2351","7.125","1931113.004684","28.966695","2026-04-25 01:47:10.625000"
"2352","7.125","1073096.338908","16.096445","2026-04-25 01:47:11.698000"
"2353","7.125","3206542.666753","48.09814","2026-04-25 01:47:14.904000"
"2354","7.125","395707.066854","5.935606","2026-04-25 01:47:15.300000"
"2355","8.142857","2617038.708467","34.021503","2026-04-25 01:47:17.917000"
"2356","7.125","3531972.726186","52.979591","2026-04-25 01:47:21.449000"
"2357","7.125","2067187.595367","31.007814","2026-04-25 01:47:23.516000"
"2358","6.705882","1431590.884924","22.905454","2026-04-25 01:47:24.948000"
"2359","7.125","1663568.131129","24.953522","2026-04-25 01:47:26.611000"
"2360","7.125","3864028.135935","57.960422","2026-04-25 01:47:30.475000"
"2361","7.125","3337724.669774","50.06587","2026-04-25 01:47:33.813000"
"2362","7.125","1395747.788747","20.936217","2026-04-25 01:47:35.209000"
"2363","7.125","1335418.923696","20.031284","2026-04-25 01:47:36.544000"
"2364","8.142857","915784.377318","11.905197","2026-04-25 01:47:37.460000"
"2365","7.125","1205353.60972099","18.080304","2026-04-25 01:47:38.665000"
"2366","7.125","258087.539673","3.871313","2026-04-25 01:47:38.923000"
"2367","7.125","3140780.464808","47.111707","2026-04-25 01:47:42.064000"
"2368","7.125","1800867.462158","27.013012","2026-04-25 01:47:43.865000"
"2369","8.142857","4161064.936565","54.093844","2026-04-25 01:47:48.026000"
"2370","7.125","2465077.527364","36.976163","2026-04-25 01:47:50.491000"
"2371","7.125","2128500.207265","31.927503","2026-04-25 01:47:52.620000"
"2372","7.125","1865794.785817","27.986922","2026-04-25 01:47:54.485000"
"2373","7.125","1597841.596603","23.967624","2026-04-25 01:47:56.083000"
"2374","7.125","3339942.471186","50.099137","2026-04-25 01:47:59.423000"
"2375","7.125","1334727.811813","20.020917","2026-04-25 01:48:00.758000"
"2376","7.125","2260851.128896","33.9127669999999","2026-04-25 01:48:03.019000"
"2377","7.125","2195372.47022","32.930587","2026-04-25 01:48:05.214000"
"2378","7.125","1864820.655187","27.97231","2026-04-25 01:48:07.079000"
"2379","7.125","3062087.869644","45.931318","2026-04-25 01:48:10.141000"
"2380","7.125","867805.528641","13.017083","2026-04-25 01:48:11.009000"
"2381","8.142857","386407.687114","5.0233","2026-04-25 01:48:11.395000"
"2382","8.142857","2145724.920126","27.894424","2026-04-25 01:48:13.541000"
"2383","7.125","2543114.598592","38.146719","2026-04-25 01:48:16.084000"
"2384","7.125","1270737.93411299","19.061069","2026-04-25 01:48:17.355000"
"2385","7.125","2197817.993164","32.96727","2026-04-25 01:48:19.553000"
"2386","8.142857","1465605.313961","19.052869","2026-04-25 01:48:21.018000"
"2387","7.125","1195331.811905","17.9299769999999","2026-04-25 01:48:22.214000"
"2388","7.125","3329632.393519","49.944486","2026-04-25 01:48:25.543000"
"2389","8.142857","301489.37152","3.919362","2026-04-25 01:48:25.845000"
"2390","7.125","3805780.871709","57.086713","2026-04-25 01:48:29.651000"
"2391","7.125","669735.002518","10.046025","2026-04-25 01:48:30.320000"
"2392","7.125","1726585.658391","25.898785","2026-04-25 01:48:32.047000"
"2393","7.125","794243.66951","11.913655","2026-04-25 01:48:32.841000"
"2394","7.125","3930663.808187","58.959957","2026-04-25 01:48:36.772000"
"2395","7.125","3672123.273214","55.081849","2026-04-25 01:48:40.444000"
"2396","7.125","1261119.476954","18.916792","2026-04-25 01:48:41.705000"
"2397","7.125","2863698.132833","42.955472","2026-04-25 01:48:44.569000"
"2398","7.125","4064721.059799","60.970816","2026-04-25 01:48:48.633000"
"2399","7","2003788.201014","30.056823","2026-04-25 01:48:50.637000"
"2400","7","3862630.319595","57.939455","2026-04-25 01:48:54.500000"
"2401","7.125","3405214.19843","51.078213","2026-04-25 01:48:57.905000"
"2402","7","4004382.530848","60.065738","2026-04-25 01:49:01.909000"
"2403","7.125","3669822.470347","55.047337","2026-04-25 01:49:05.579000"
"2404","7.125","203594.795863","3.053922","2026-04-25 01:49:05.783000"
"2405","7.125","1664899.921417","24.973499","2026-04-25 01:49:07.448000"
"2406","7.125","3271723.731359","49.075856","2026-04-25 01:49:10.720000"
"2407","7","600134.134293","9.00201199999999","2026-04-25 01:49:11.320000"
"2408","7.125","1464727.465312","21.970912","2026-04-25 01:49:12.784000"
"2409","7.125","330280.335744","4.954205","2026-04-25 01:49:13.115000"
"2410","7","1670193.529129","25.052903","2026-04-25 01:49:14.785000"
"2411","7","3804211.997986","57.06318","2026-04-25 01:49:18.589000"
"2412","7","1610040.998459","24.150615","2026-04-25 01:49:20.199000"
"2413","8","3075910.623257","39.986838","2026-04-25 01:49:23.275000"
"2414","7","1333158.874512","19.997383","2026-04-25 01:49:24.608000"
"2415","7","1263331.921895","18.949979","2026-04-25 01:49:25.872000"
"2416","7","3999566.936493","59.993504","2026-04-25 01:49:29.871000"
"2417","7","1334035.269419","20.010529","2026-04-25 01:49:31.205000"
"2418","6.222222","1592910.598306","27.07948","2026-04-25 01:49:32.798000"
"2419","7","3003357.601166","45.050364","2026-04-25 01:49:35.801000"
"2420","7","2208018.128077","33.120272","2026-04-25 01:49:38.009000"
"2421","7","2071394.856771","31.070923","2026-04-25 01:49:40.081000"
"2422","7","193091.328939","2.89637","2026-04-25 01:49:40.274000"
"2423","7","1542197.132111","23.132957","2026-04-25 01:49:41.816000"
"2424","7","3131775.395075","46.976631","2026-04-25 01:49:44.948000"
"2425","7","1537739.467621","23.066092","2026-04-25 01:49:46.486000"
"2426","7","2936882.464091","44.053237","2026-04-25 01:49:49.422000"
"2427","7","4007064.342499","60.105965","2026-04-25 01:49:53.430000"
"2428","7","1862625.869115","27.939388","2026-04-25 01:49:55.292000"
"2429","7","3740000.073115","56.100001","2026-04-25 01:49:59.032000"
"2430","7","728304.529189999","10.924568","2026-04-25 01:49:59.760000"
"2431","7","262608.671188","3.93913","2026-04-25 01:50:00.023000"
"2432","7","2935497.411092","44.032461","2026-04-25 01:50:02.959000"
"2433","7","2935491.339366","44.03237","2026-04-25 01:50:05.894000"
"2434","7","1738248.999914","26.073735","2026-04-25 01:50:07.632000"
"2435","7","1326820.723216","19.902311","2026-04-25 01:50:08.959000"
"2436","7","4140958.865484","62.114383","2026-04-25 01:50:13.100000"
"2437","7","2201238.807042","33.018582","2026-04-25 01:50:15.301000"
"2438","7","3870474.592845","58.0571189999999","2026-04-25 01:50:19.172000"
"2439","7","2401987.536748","36.029813","2026-04-25 01:50:21.574000"
"2440","7","3608883.666992","54.133255","2026-04-25 01:50:25.183000"
"2441","7","1334357.945124","20.015369","2026-04-25 01:50:26.517000"
"2442","7","1661271.540324","24.919073","2026-04-25 01:50:28.178000"
"2443","7","1273833.942413","19.107509","2026-04-25 01:50:29.452000"
"2444","7","2674300.463994","40.114507","2026-04-25 01:50:32.126000"
"2445","7","4139701.795578","62.095527","2026-04-25 01:50:36.266000"
"2446","8.142857","1852293.601403","24.079817","2026-04-25 01:50:38.118000"
"2447","7","3998093.334834","59.9714","2026-04-25 01:50:42.117000"
"2448","7.125","2868768.199285","43.031523","2026-04-25 01:50:44.985000"
"2449","7.125","1528893.136978","22.933397","2026-04-25 01:50:46.514000"
"2450","7","260505.263011","3.907579","2026-04-25 01:50:46.775000"
"2451","7","594541.724523","8.91812599999999","2026-04-25 01:50:47.369000"
"2452","7.125","463403.002421","6.951045","2026-04-25 01:50:47.833000"
"2453","7","201562.007268","3.02343","2026-04-25 01:50:48.034000"
"2454","7","730418.06221","10.956271","2026-04-25 01:50:48.765000"
"2455","7.125","1470117.521286","22.051763","2026-04-25 01:50:50.235000"
"2456","7.125","3729169.734319","55.937546","2026-04-25 01:50:53.964000"
"2457","7.125","1997114.864985","29.956723","2026-04-25 01:50:55.961000"
"2458","7.125","1204065.5454","18.060983","2026-04-25 01:50:57.165000"
"2459","8.142857","1153098.546542","14.990281","2026-04-25 01:50:58.318000"
"2460","7.125","2470858.399073","37.062876","2026-04-25 01:51:00.789000"
"2461","7.125","3065093.199412","45.976398","2026-04-25 01:51:03.854000"
"2462","8.142857","1542062.465961","20.046812","2026-04-25 01:51:05.396000"
"2463","8.142857","2928396.298335","38.069152","2026-04-25 01:51:08.325000"
"2464","7.125","2600319.004059","39.004785","2026-04-25 01:51:10.925000"
"2465","7.125","2398298.788071","35.974482","2026-04-25 01:51:13.323000"
"2466","7.125","1462660.344442","21.939905","2026-04-25 01:51:14.786000"
"2467","7.125","3872455.008825","58.086825","2026-04-25 01:51:18.658000"
"2468","7.125","2064505.926768","30.967589","2026-04-25 01:51:20.723000"
"2469","7.125","3930728.467306","58.960927","2026-04-25 01:51:24.654000"
"2470","7.125","2728604.793549","40.929072","2026-04-25 01:51:27.382000"
"2471","7.125","2530022.335052","37.950335","2026-04-25 01:51:29.912000"
"2472","7.125","394382.333755","5.915735","2026-04-25 01:51:30.307000"
"2473","7.125","3664447.339376","54.96671","2026-04-25 01:51:33.971000"
"2474","7.125","202092.138926","3.031382","2026-04-25 01:51:34.173000"
"2475","7.125","591904.131571","8.87856199999999","2026-04-25 01:51:34.765000"
"2476","7.125","3465451.542536","51.981773","2026-04-25 01:51:38.230000"
"2477","7.125","327980.136871","4.919702","2026-04-25 01:51:38.558000"
"2478","7.125","2404263.655345","36.063955","2026-04-25 01:51:40.963000"
"2479","7.125","3205714.384715","48.085716","2026-04-25 01:51:44.168000"
"2480","7.125","2936339.728038","44.045096","2026-04-25 01:51:47.105000"
"2481","7.125","3338636.938731","50.079554","2026-04-25 01:51:50.443000"
"2482","7.125","2602771.663666","39.041575","2026-04-25 01:51:53.046000"
"2483","7.125","3404880.873362","51.073213","2026-04-25 01:51:56.451000"
"2484","7.125","3663837.655385","54.957565","2026-04-25 01:52:00.115000"
"2485","7.125","3008070.73911","45.121061","2026-04-25 01:52:03.123000"
"2486","7.125","3405285.008748","51.079275","2026-04-25 01:52:06.528000"
"2487","7.125","2461112.737656","36.916691","2026-04-25 01:52:08.989000"
"2488","7.125","3736832.062403","56.052481","2026-04-25 01:52:12.726000"
"2489","7.125","1996367.804209","29.945517","2026-04-25 01:52:14.723000"
"2490","7.125","3072594.801585","46.088922","2026-04-25 01:52:17.795000"
"2491","7.125","4004384.597143","60.065769","2026-04-25 01:52:21.800000"
"2492","7.125","3403053.474426","51.045802","2026-04-25 01:52:25.203000"
"2493","7.125","592677.259445","8.89015899999999","2026-04-25 01:52:25.795000"
"2494","7.125","1129247.93561299","16.938719","2026-04-25 01:52:26.925000"
"2495","7.125","1530245.463053","22.953682","2026-04-25 01:52:28.455000"
"2496","7.125","467445.993423","7.01169","2026-04-25 01:52:28.922000"
"2497","7.125","2532250.944773","37.983764","2026-04-25 01:52:31.454000"
"2498","7.125","2469958.400726","37.049376","2026-04-25 01:52:33.924000"
"2499","7.125","3803540.341059","57.053105","2026-04-25 01:52:37.728000"
"2500","7.125","1526492.13472999","22.897382","2026-04-25 01:52:39.254000"
"2501","7.125","2264061.38738","33.960921","2026-04-25 01:52:41.519000"
"2502","7.125","1593338.855108","23.900083","2026-04-25 01:52:43.112000"
"2503","7.125","3733876.005809","56.00814","2026-04-25 01:52:46.846000"
"2504","7.125","1125897.200902","16.888458","2026-04-25 01:52:47.972000"
"2505","7.125","3664403.613408","54.966054","2026-04-25 01:52:51.636000"
"2506","8.142857","3764843.225479","48.942962","2026-04-25 01:52:55.401000"
"2507","7.125","1260046.068827","18.900691","2026-04-25 01:52:56.661000"
"2508","7.125","662829.92363","9.942449","2026-04-25 01:52:57.324000"
"2509","7.125","1394816.732407","20.922251","2026-04-25 01:52:58.719000"
"2510","7.125","668061.002096","10.020915","2026-04-25 01:52:59.387000"
"2511","8.142857","4773611.692282","62.056952","2026-04-25 01:53:04.160000"
"2512","7.125","530572.73229","7.958591","2026-04-25 01:53:04.691000"
"2513","7.125","3930703.131358","58.960547","2026-04-25 01:53:08.622000"
"2514","7.125","1392719.459534","20.890792","2026-04-25 01:53:10.014000"
"2515","7.125","4138055.467606","62.070832","2026-04-25 01:53:14.152000"
"2516","7.125","1539171.202977","23.087568","2026-04-25 01:53:15.691000"
"2517","7.125","3398533.519109","50.978003","2026-04-25 01:53:19.090000"
"2518","7.125","2463259.124756","36.948887","2026-04-25 01:53:21.553000"
"2519","8.142857","3003095.003275","39.040235","2026-04-25 01:53:24.556000"
"2520","7.125","1136802.927653","17.052044","2026-04-25 01:53:25.693000"
"2521","7.125","2736883.274714","41.053249","2026-04-25 01:53:28.430000"
"2522","7.125","1537847.121557","23.067707","2026-04-25 01:53:29.968000"
"2523","7.125","1672707.001368","25.090605","2026-04-25 01:53:31.641000"
"2524","7.125","2530946.922302","37.964204","2026-04-25 01:53:34.172000"
"2525","7.125","861324.40567","12.919866","2026-04-25 01:53:35.033000"
"2526","7.125","3999850.734075","59.997761","2026-04-25 01:53:39.033000"
"2527","7.125","733395.862579","11.000938","2026-04-25 01:53:39.766000"
"2528","7.125","3198331.133525","47.974967","2026-04-25 01:53:42.964000"
"2529","6.875","4134233.204524","62.013498","2026-04-25 01:53:47.099000"
"2530","6.875","2201002.534231","33.015038","2026-04-25 01:53:49.300000"
"2531","6.875","1406832.122803","21.102482","2026-04-25 01:53:50.707000"
"2532","6.875","2130976.724625","31.964651","2026-04-25 01:53:52.837000"
"2533","7.125","1935215.997696","29.02824","2026-04-25 01:53:54.773000"
"2534","6.875","3265666.723251","48.985001","2026-04-25 01:53:58.038000"
"2535","7.125","2665356.33405","39.980345","2026-04-25 01:54:00.704000"
"2536","6.875","3872369.194031","58.085538","2026-04-25 01:54:04.576000"
"2537","6.875","3736537.122726","56.0480569999999","2026-04-25 01:54:08.313000"
"2538","6.875","2201832.723618","33.027491","2026-04-25 01:54:10.514000"
"2539","6.875","2597134.542465","38.957018","2026-04-25 01:54:13.112000"
"2540","7.125","2662109.327316","39.93164","2026-04-25 01:54:15.774000"
"2541","7.85714299999999","4764153.223771","61.933992","2026-04-25 01:54:20.538000"
"2542","6.875","460771.338145","6.91156999999999","2026-04-25 01:54:20.999000"
"2543","6.875","3472258.536021","52.083878","2026-04-25 01:54:24.471000"
"2544","6.875","3069040.934245","46.035614","2026-04-25 01:54:27.540000"
"2545","6.875","4132444.127401","61.986662","2026-04-25 01:54:31.672000"
"2546","6.875","3871547.524134","58.073213","2026-04-25 01:54:35.544000"
"2547","6.875","1268785.651525","19.031785","2026-04-25 01:54:36.813000"
"2548","6.875","3402703.523636","51.040553","2026-04-25 01:54:40.215000"
"2549","6.875","3404772.933324","51.071594","2026-04-25 01:54:43.620000"
"2550","6.875","261348.803838","3.920232","2026-04-25 01:54:43.882000"
"2551","7.125","3796624.72407","56.949371","2026-04-25 01:54:47.678000"
"2552","6.875","3938825.527827","59.0823829999999","2026-04-25 01:54:51.617000"
"2553","6.875","3873731.867472","58.105978","2026-04-25 01:54:55.491000"
"2554","6.875","1400513.998667","21.00771","2026-04-25 01:54:56.891000"
"2555","7.125","1735454.591115","26.031819","2026-04-25 01:54:58.627000"
"2556","6.875","1537900.27300499","23.068504","2026-04-25 01:55:00.165000"
"2557","6.875","794716.326396","11.920745","2026-04-25 01:55:00.959000"
"2558","7.125","404607.200623","6.069108","2026-04-25 01:55:01.364000"
"2559","6.875","2529546.006521","37.94319","2026-04-25 01:55:03.893000"
"2560","6.875","2672097.476323","40.081462","2026-04-25 01:55:06.566000"
"2561","7.125","3007510.201136","45.112653","2026-04-25 01:55:09.573000"
"2562","6.875","460456.339518","6.906845","2026-04-25 01:55:10.034000"
"2563","6.875","3071606.270472","46.074094","2026-04-25 01:55:13.105000"
"2564","6.875","4132306.130727","61.984592","2026-04-25 01:55:17.237000"
"2565","7.125","1329030.720393","19.935461","2026-04-25 01:55:18.566000"
"2566","6.875","473010.667164999","7.09516","2026-04-25 01:55:19.039000"
"2567","6.875","1266934.204102","19.004013","2026-04-25 01:55:20.306000"
"2568","6.875","3604330.078761","54.064951","2026-04-25 01:55:23.911000"
"2569","7.125","1529255.930583","22.938839","2026-04-25 01:55:25.440000"
"2570","6.875","3597452.004751","53.96178","2026-04-25 01:55:29.037000"
"2571","6.875","3936988.32194","59.054825","2026-04-25 01:55:32.974000"
"2572","7.125","3140003.204346","47.100048","2026-04-25 01:55:36.114000"
"2573","7.125","936823.336283","14.05235","2026-04-25 01:55:37.051000"
"2574","7.125","1471977.86967","22.079668","2026-04-25 01:55:38.523000"
"2575","7.125","2533908.319473","38.008625","2026-04-25 01:55:41.057000"
"2576","7.125","1936020.469666","29.040307","2026-04-25 01:55:42.993000"
"2577","8.142857","2233158.166592","29.031056","2026-04-25 01:55:45.226000"
"2578","7.125","3331437.603633","49.971564","2026-04-25 01:55:48.558000"
"2579","7.125","2797393.544515","41.960903","2026-04-25 01:55:51.355000"
"2580","7.125","869491.799671999","13.042377","2026-04-25 01:55:52.225000"
"2581","7.125","2003206.87294","30.048103","2026-04-25 01:55:54.228000"
"2582","7.125","2531842.803955","37.977642","2026-04-25 01:55:56.760000"
"2583","7.125","3795325.009028","56.929875","2026-04-25 01:56:00.555000"
"2584","7.125","262466.93929","3.937004","2026-04-25 01:56:00.818000"
"2585","6.705882","3189838.379622","51.037414","2026-04-25 01:56:04.007000"
"2586","7.125","3343325.805664","50.149887","2026-04-25 01:56:07.351000"
"2587","7.125","2528293.275833","37.924399","2026-04-25 01:56:09.879000"
"2588","7.125","2327222.124736","34.908332","2026-04-25 01:56:12.206000"
"2589","7.125","3335312.334696","50.029685","2026-04-25 01:56:15.541000"
"2590","7.125","535312.811534","8.02969199999999","2026-04-25 01:56:16.077000"
"2591","7.125","2072926.330566","31.093895","2026-04-25 01:56:18.150000"
"2592","7.125","3263176.933924","48.947654","2026-04-25 01:56:21.413000"
"2593","8.142857","1686530.07654","21.924891","2026-04-25 01:56:23.099000"
"2594","7.125","1998269.47848","29.974042","2026-04-25 01:56:25.098000"
"2595","7.125","3528917.868932","52.933768","2026-04-25 01:56:28.627000"
"2596","7.125","2274025.074641","34.110376","2026-04-25 01:56:30.901000"
"2597","7.125","3269729.534785","49.045943","2026-04-25 01:56:34.170000"
"2598","7.125","1793790.67421","26.90686","2026-04-25 01:56:35.964000"
"2599","7.125","2931200.933456","43.968014","2026-04-25 01:56:38.895000"
"2600","7.125","3737325.255076","56.059879","2026-04-25 01:56:42.633000"
"2601","7.125","796463.20343","11.946948","2026-04-25 01:56:43.429000"
"2602","7.125","1743155.543009","26.147333","2026-04-25 01:56:45.172000"
"2603","7.125","1862969.064713","27.944536","2026-04-25 01:56:47.035000"
"2604","7.125","726487.668355","10.897315","2026-04-25 01:56:47.762000"
"2605","7.125","2998074.324926","44.971115","2026-04-25 01:56:50.760000"
"2606","7.125","1060860.538483","15.9129079999999","2026-04-25 01:56:51.821000"
"2607","7.125","4077605.199814","61.164078","2026-04-25 01:56:55.898000"
"2608","7.125","1471565.993627","22.07349","2026-04-25 01:56:57.370000"
"2609","7.125","3335073.598226","50.026104","2026-04-25 01:57:00.705000"
"2610","7.125","3864928.61112","57.973929","2026-04-25 01:57:04.570000"
"2611","7.125","1535613.393784","23.034201","2026-04-25 01:57:06.105000"
"2612","7.125","936107.730865","14.041616","2026-04-25 01:57:07.042000"
"2613","7.125","726932.525635","10.903988","2026-04-25 01:57:07.769000"
"2614","7.125","1397312.59346","20.959689","2026-04-25 01:57:09.166000"
"2615","7.125","1135164.070129","17.027461","2026-04-25 01:57:10.301000"
"2616","7.125","1138996.537526","17.084948","2026-04-25 01:57:11.440000"
"2617","7.125","4071342.992783","61.070145","2026-04-25 01:57:15.511000"
"2618","7.125","1338682.476679","20.080237","2026-04-25 01:57:16.850000"
"2619","7.125","1071139.462789","16.067092","2026-04-25 01:57:17.921000"
"2620","7.125","264967.393875","3.974511","2026-04-25 01:57:18.186000"
"2621","7.125","471616.93573","7.07425399999999","2026-04-25 01:57:18.658000"
"2622","7.125","3271499.411265","49.072491","2026-04-25 01:57:21.929000"
"2623","7.125","1860162.798564","27.902442","2026-04-25 01:57:23.789000"
"2624","7.125","993225.336075","14.89838","2026-04-25 01:57:24.783000"
"2625","6.705882","3187190.562487","50.995049","2026-04-25 01:57:27.970000"
"2626","7.125","734597.396851","11.018961","2026-04-25 01:57:28.704000"
"2627","7.125","3673472.40448","55.102086","2026-04-25 01:57:32.378000"
"2628","7.125","1192852.067947","17.892781","2026-04-25 01:57:33.571000"
"2629","7.125","4002231.534322","60.033473","2026-04-25 01:57:37.573000"
"2630","7.125","1869090.000788","28.03635","2026-04-25 01:57:39.442000"
"2631","7.125","330237.054825","4.953556","2026-04-25 01:57:39.772000"
"2632","7.125","2665729.999542","39.98595","2026-04-25 01:57:42.438000"
"2633","8.142857","385858.994264","5.016167","2026-04-25 01:57:42.824000"
"2634","7.125","3466540.54323799","51.998108","2026-04-25 01:57:46.290000"
"2635","7.125","1003246.863683","15.048703","2026-04-25 01:57:47.294000"
"2636","7.125","527510.611215999","7.912659","2026-04-25 01:57:47.821000"
"2637","8.142857","2922612.538705","37.993963","2026-04-25 01:57:50.744000"
"2638","7.125","3596919.409434","53.953791","2026-04-25 01:57:54.341000"
"2639","7.125","3864551.734924","57.968276","2026-04-25 01:57:58.205000"
"2640","7.125","2664936.065674","39.974041","2026-04-25 01:58:00.870000"
"2641","7.125","4138237.667084","62.073565","2026-04-25 01:58:05.008000"
"2642","7.125","2071554.342906","31.073315","2026-04-25 01:58:07.080000"
"2643","7.125","3200611.925125","48.009179","2026-04-25 01:58:10.281000"
"2644","7.125","4134273.79926","62.014107","2026-04-25 01:58:14.415000"
"2645","7.125","2669017.998377","40.03527","2026-04-25 01:58:17.084000"
"2646","7.125","3661758.136749","54.926372","2026-04-25 01:58:20.746000"
"2647","6.333333","1532900.698045","26.059312","2026-04-25 01:58:22.279000"
"2648","8.142857","465331.077576","6.049304","2026-04-25 01:58:22.744000"
"2649","7.125","1929510.068893","28.942651","2026-04-25 01:58:24.673000"
"2650","7.125","4141725.587845","62.125884","2026-04-25 01:58:28.815000"
"2651","7","2262309.328715","33.93464","2026-04-25 01:58:31.077000"
"2652","7.125","4000009.600321","60.0001439999999","2026-04-25 01:58:35.077000"
"2653","7.125","2201609.929403","33.024149","2026-04-25 01:58:37.279000"
"2654","7.125","3803727.404277","57.055911","2026-04-25 01:58:41.083000"
"2655","7.125","2797105.995814","41.95659","2026-04-25 01:58:43.880000"
"2656","7.125","3405526.399612","51.082896","2026-04-25 01:58:47.285000"
"2657","7","1864003.610611","27.960054","2026-04-25 01:58:49.149000"
"2658","7.125","798084.863027","11.971273","2026-04-25 01:58:49.948000"
"2659","7.125","2929555.209478","43.943328","2026-04-25 01:58:52.877000"
"2660","7.125","1463210.471471","21.948157","2026-04-25 01:58:54.340000"
"2661","7.125","3073035.128911","46.095527","2026-04-25 01:58:57.413000"
"2662","7","2268647.654851","34.029715","2026-04-25 01:58:59.682000"
"2663","7.125","597759.660085","8.966395","2026-04-25 01:59:00.280000"
"2664","7.125","2403884.394964","36.058266","2026-04-25 01:59:02.684000"
"2665","7.125","1062935.527166","15.944033","2026-04-25 01:59:03.747000"
"2666","7.125","270273.653666","4.054105","2026-04-25 01:59:04.017000"
"2667","7.125","4131303.532918","61.969553","2026-04-25 01:59:08.148000"
"2668","8.142857","2619018.921485","34.047246","2026-04-25 01:59:10.767000"
"2669","7.125","1526665.194829","22.899978","2026-04-25 01:59:12.294000"
"2670","7","3999231.274923","59.988469","2026-04-25 01:59:16.293000"
"2671","7","1660607.131322","24.909107","2026-04-25 01:59:17.954000"
"2672","7","3928604.205449","58.929063","2026-04-25 01:59:21.882000"
"2673","7","2063488.928477","30.952334","2026-04-25 01:59:23.946000"
"2674","7","3208555.396398","48.128331","2026-04-25 01:59:27.154000"
"2675","7.125","2931105.264028","43.966579","2026-04-25 01:59:30.085000"
"2676","6.222222","1174267.235924","19.962543","2026-04-25 01:59:31.260000"
"2677","7","3462980.540593","51.944708","2026-04-25 01:59:34.723000"
"2678","7","735387.468338","11.030812","2026-04-25 01:59:35.458000"
"2679","7","1396027.723948","20.940416","2026-04-25 01:59:36.854000"
"2680","8","4389704.92436299","57.066164","2026-04-25 01:59:41.244000"
"2681","7","3928741.137187","58.931117","2026-04-25 01:59:45.173000"
"2682","7","804130.792618","12.061962","2026-04-25 01:59:45.977000"
"2683","7.125","2344965.600967","35.174484","2026-04-25 01:59:48.322000"
"2684","7.125","1877826.46815","28.167397","2026-04-25 01:59:50.199000"
"2685","7","2331538.200378","34.973073","2026-04-25 01:59:52.531000"
"2686","6.222222","529699.535931","9.004892","2026-04-25 01:59:53.061000"
"2687","7","868998.924891","13.034984","2026-04-25 01:59:53.930000"
"2688","7.125","1669527.403514","25.042911","2026-04-25 01:59:55.599000"
"2689","7","2329332.145055","34.939982","2026-04-25 01:59:57.929000"
"2690","7","3864919.932683","57.973799","2026-04-25 02:00:01.793000"
"2691","8","840156.371777","10.922033","2026-04-25 02:00:02.634000"
"2692","7","3938586.743673","59.078801","2026-04-25 02:00:06.572000"
"2693","7","4142181.603114","62.132724","2026-04-25 02:00:10.714000"
"2694","7","3733596.944809","56.003954","2026-04-25 02:00:14.448000"
"2695","7","868489.32902","13.02734","2026-04-25 02:00:15.316000"
"2696","7","1194624.201457","17.919363","2026-04-25 02:00:16.511000"
"2697","7.125","594025.198618999","8.910378","2026-04-25 02:00:17.105000"
"2698","7","3938294.665019","59.07442","2026-04-25 02:00:21.043000"
"2699","7","2804893.461863","42.073402","2026-04-25 02:00:23.848000"
"2700","7","3461312.675476","51.91969","2026-04-25 02:00:27.310000"
"2701","7","1195360.53339599","17.930408","2026-04-25 02:00:28.505000"
"2702","7","2873031.727473","43.095476","2026-04-25 02:00:31.378000"
"2703","8","3306569.007727","42.985397","2026-04-25 02:00:34.685000"
"2704","7","1529749.8703","22.946248","2026-04-25 02:00:36.214000"
"2705","7","460466.988881","6.907005","2026-04-25 02:00:36.675000"
"2706","7","936165.269216","14.042479","2026-04-25 02:00:37.611000"
"2707","7","3340537.865957","50.108068","2026-04-25 02:00:40.951000"
"2708","7","1668263.276418","25.023949","2026-04-25 02:00:42.620000"
"2709","8","539284.907855","7.010704","2026-04-25 02:00:43.159000"
"2710","7.125","2270374.059677","34.055611","2026-04-25 02:00:45.429000"
"2711","7.125","1263379.939397","18.950699","2026-04-25 02:00:46.693000"
"2712","7.125","395379.87709","5.930698","2026-04-25 02:00:47.088000"
"2713","7.125","193520.927429","2.902814","2026-04-25 02:00:47.282000"
"2714","7.125","1937110.86909","29.056663","2026-04-25 02:00:49.219000"
"2715","7.125","995788.733164","14.936831","2026-04-25 02:00:50.215000"
"2716","8.142857","3231045.686282","42.003594","2026-04-25 02:00:53.446000"
"2717","7.125","1928249.867757","28.923748","2026-04-25 02:00:55.374000"
"2718","7.125","2796165.800095","41.942487","2026-04-25 02:00:58.170000"
"2719","7","201781.00268","3.026715","2026-04-25 02:00:58.372000"
"2720","7.125","530415.598551","7.95623399999999","2026-04-25 02:00:58.902000"
"2721","7.125","3869030.062358","58.035451","2026-04-25 02:01:02.771000"
"2722","7.125","3864658.260345","57.969874","2026-04-25 02:01:06.636000"
"2723","6.705882","2748464.003205","43.975424","2026-04-25 02:01:09.384000"
"2724","6.705882","3253504.559398","52.056073","2026-04-25 02:01:12.638000"
"2725","7.125","2331582.339605","34.973735","2026-04-25 02:01:14.969000"
"2726","7.125","1127519.194285","16.912788","2026-04-25 02:01:16.097000"
"2727","6.588235","563906.565309","9.022505","2026-04-25 02:01:16.661000"
"2728","7.125","1936231.263479","29.043469","2026-04-25 02:01:18.597000"
"2729","8.142857","2240725.682332","29.129434","2026-04-25 02:01:20.838000"
"2730","7.125","3734464.724859","56.016971","2026-04-25 02:01:24.572000"
"2731","7.125","1734519.338608","26.01779","2026-04-25 02:01:26.307000"
"2732","7.125","1938235.473633","29.073532","2026-04-25 02:01:28.245000"
"2733","7.125","2602695.608139","39.040434","2026-04-25 02:01:30.848000"
"2734","6.705882","3873919.993639","61.9827199999999","2026-04-25 02:01:34.722000"
"2735","7.125","1001504.40534","15.022566","2026-04-25 02:01:35.723000"
"2736","7.125","2795697.673162","41.935465","2026-04-25 02:01:38.519000"
"2737","8.142857","2537561.233227","32.988296","2026-04-25 02:01:41.056000"
"2738","7","537502.40008","8.062536","2026-04-25 02:01:41.594000"
"2739","7.125","2935074.869792","44.026123","2026-04-25 02:01:44.529000"
"2740","7.125","2065163.739522","30.977456","2026-04-25 02:01:46.594000"
"2741","7.125","2601367.060343","39.020506","2026-04-25 02:01:49.196000"
"2742","7","394291.257858","5.914369","2026-04-25 02:01:49.590000"
"2743","7.125","538258.202871","8.07387299999999","2026-04-25 02:01:50.128000"
"2744","7.125","871543.995538999","13.07316","2026-04-25 02:01:51.000000"
"2745","7.125","3193836.196264","47.907543","2026-04-25 02:01:54.194000"
"2746","7.125","2205978.409449","33.089676","2026-04-25 02:01:56.399000"
"2747","7","3941458.861033","59.121883","2026-04-25 02:02:00.341000"
"2748","7","1537989.536921","23.069843","2026-04-25 02:02:01.879000"
"2749","7","3464041.805267","51.960627","2026-04-25 02:02:05.343000"
"2750","7","928657.865524","13.929868","2026-04-25 02:02:06.272000"
"2751","7","192850.255966","2.892754","2026-04-25 02:02:06.464000"
"2752","7.125","396896.394094","5.953446","2026-04-25 02:02:06.861000"
"2753","7.125","2863426.526388","42.951398","2026-04-25 02:02:09.725000"
"2754","7","3195421.202977","47.931318","2026-04-25 02:02:12.920000"
"2755","7.125","2473163.334529","37.09745","2026-04-25 02:02:15.393000"
"2756","7","327598.063151","4.913971","2026-04-25 02:02:15.721000"
"2757","7.125","3938955.863317","59.084338","2026-04-25 02:02:19.660000"
"2758","7","2860908.794403","42.913632","2026-04-25 02:02:22.521000"
"2759","7","2062548.271815","30.938224","2026-04-25 02:02:24.583000"
"2760","8.142857","838843.382322","10.904964","2026-04-25 02:02:25.422000"
"2761","7","1263874.324163","18.958115","2026-04-25 02:02:26.686000"
"2762","7","662767.791748","9.941517","2026-04-25 02:02:27.349000"
"2763","7.125","2542520.332336","38.137805","2026-04-25 02:02:29.891000"
"2764","7","3129308.605194","46.939629","2026-04-25 02:02:33.021000"
"2765","7.125","861111.720403","12.916676","2026-04-25 02:02:33.882000"
"2766","7.125","3800980.6633","57.01471","2026-04-25 02:02:37.683000"
"2767","7.125","3672008.991241","55.080135","2026-04-25 02:02:41.355000"
"2768","7.125","1463913.122813","21.958697","2026-04-25 02:02:42.819000"
"2769","7.125","403551.944097","6.053279","2026-04-25 02:02:43.222000"
"2770","7.125","733016.792933","10.995252","2026-04-25 02:02:43.955000"
"2771","7.125","1669659.805298","25.044897","2026-04-25 02:02:45.625000"
"2772","7.125","1804337.263107","27.065059","2026-04-25 02:02:47.429000"
"2773","7.125","1999270.72525","29.989061","2026-04-25 02:02:49.429000"
"2774","7.125","2797519.397736","41.962791","2026-04-25 02:02:52.226000"
"2775","7.125","4001899.528503","60.028493","2026-04-25 02:02:56.228000"
"2776","6.333333","2995097.763398","50.916662","2026-04-25 02:02:59.223000"
"2777","7.125","2339648.866653","35.094733","2026-04-25 02:03:01.563000"
"2778","7.125","331924.343109","4.978865","2026-04-25 02:03:01.895000"
"2779","7.125","2999079.465866","44.986192","2026-04-25 02:03:04.894000"
"2780","7.125","3930680.259069","58.960204","2026-04-25 02:03:08.824000"
"2781","7.125","728583.399455","10.928751","2026-04-25 02:03:09.553000"
"2782","7.125","928775.596619","13.931634","2026-04-25 02:03:10.482000"
"2783","8.142857","4073044.776917","52.9495819999999","2026-04-25 02:03:14.555000"
"2784","7.125","536139.599482","8.042094","2026-04-25 02:03:15.091000"
"2785","7.125","327151.807149","4.907277","2026-04-25 02:03:15.418000"
"2786","8.142857","848950.532766","11.036357","2026-04-25 02:03:16.267000"
"2787","7","2665035.327276","39.97553","2026-04-25 02:03:18.932000"
"2788","7","3065133.062998","45.976996","2026-04-25 02:03:21.997000"
"2789","7","863816.388448","12.957246","2026-04-25 02:03:22.861000"
"2790","7","3471191.994349","52.06788","2026-04-25 02:03:26.332000"
"2791","7","1668286.657333","25.0243","2026-04-25 02:03:28.001000"
"2792","7","333927.059174","5.008906","2026-04-25 02:03:28.334000"
"2793","7","396777.804693","5.951667","2026-04-25 02:03:28.731000"
"2794","7.125","734949.143728","11.024237","2026-04-25 02:03:29.466000"
"2795","7","3597837.924957","53.967569","2026-04-25 02:03:33.064000"
"2796","7.125","1938745.530446","29.081183","2026-04-25 02:03:35.003000"
"2797","7","1002511.660258","15.037675","2026-04-25 02:03:36.005000"
"2798","7","2668284.257253","40.024264","2026-04-25 02:03:38.674000"
"2799","7","4138710.864385","62.080663","2026-04-25 02:03:42.812000"
"2800","7","3330953.86823","49.964308","2026-04-25 02:03:46.143000"
"2801","7","395865.726471","5.937986","2026-04-25 02:03:46.539000"
"2802","7.125","337974.72318","5.069621","2026-04-25 02:03:46.877000"
"2803","7","1468003.797531","22.020057","2026-04-25 02:03:48.345000"
"2804","7.125","4007199.398677","60.107991","2026-04-25 02:03:52.352000"
"2805","8.142857","2224222.146548","28.914888","2026-04-25 02:03:54.576000"
"2806","7.125","3136191.336314","47.04287","2026-04-25 02:03:57.713000"
"2807","7","1396795.463562","20.951932","2026-04-25 02:03:59.109000"
"2808","7.125","801385.736465","12.020786","2026-04-25 02:03:59.911000"
"2809","8.142857","3780577.384509","49.147506","2026-04-25 02:04:03.691000"
"2810","7.125","1529474.73526","22.942121","2026-04-25 02:04:05.221000"
"2811","7.125","2004989.004135","30.074835","2026-04-25 02:04:07.226000"
"2812","6.705882","1058574.810624","16.937197","2026-04-25 02:04:08.284000"
"2813","7.125","1865943.463643","27.989152","2026-04-25 02:04:10.150000"
"2814","7.125","1863103.532791","27.946553","2026-04-25 02:04:12.014000"
"2815","7.125","3606383.657455","54.095755","2026-04-25 02:04:15.620000"
"2816","7.125","1072689.406077","16.090341","2026-04-25 02:04:16.693000"
"2817","7.125","737667.735418","11.065016","2026-04-25 02:04:17.430000"
"2818","7.125","2131867.138545","31.978007","2026-04-25 02:04:19.562000"
"2819","7.125","258293.930689","3.874409","2026-04-25 02:04:19.820000"
"2820","7.125","192163.1972","2.882448","2026-04-25 02:04:20.013000"
"2821","7.125","402251.942952","6.033779","2026-04-25 02:04:20.415000"
"2822","7.125","1405487.060547","21.082306","2026-04-25 02:04:21.820000"
"2823","8.142857","3921183.861219","50.97539","2026-04-25 02:04:25.742000"
"2824","7.125","862835.121155","12.942527","2026-04-25 02:04:26.604000"
"2825","7.125","1730869.197845","25.963038","2026-04-25 02:04:28.335000"
"2826","7.125","3929529.460271","58.942942","2026-04-25 02:04:32.265000"
"2827","7.125","1601735.464732","24.026032","2026-04-25 02:04:33.866000"
"2828","7.125","4140550.072988","62.108251","2026-04-25 02:04:38.007000"
"2829","6.333333","526837.587357","8.956239","2026-04-25 02:04:38.534000"
"2830","7.125","598009.125392","8.970137","2026-04-25 02:04:39.132000"
"2831","7.125","2865597.677231","42.983965","2026-04-25 02:04:41.997000"
"2832","7.125","2739037.672679","41.085565","2026-04-25 02:04:44.737000"
"2833","7.125","1600536.600749","24.008049","2026-04-25 02:04:46.337000"
"2834","7.125","3870738.665263","58.06108","2026-04-25 02:04:50.208000"
"2835","8.142857","693559.683285999","9.016276","2026-04-25 02:04:50.901000"
"2836","7.125","2864156.866074","42.962353","2026-04-25 02:04:53.766000"
"2837","7.125","1267048.9947","19.005735","2026-04-25 02:04:55.033000"
"2838","7.125","2268186.537425","34.022798","2026-04-25 02:04:57.301000"
"2839","8.142857","2928393.84079","38.06912","2026-04-25 02:05:00.229000"
"2840","7.125","1595390.065511","23.930851","2026-04-25 02:05:01.825000"
"2841","7.125","1738230.133057","26.073452","2026-04-25 02:05:03.563000"
"2842","7.125","1193439.006805","17.901585","2026-04-25 02:05:04.756000"
"2843","8.142857","3224027.15683","41.912353","2026-04-25 02:05:07.980000"
"2844","7.125","1670204.861959","25.053073","2026-04-25 02:05:09.650000"
"2845","7.125","1864048.528671","27.960728","2026-04-25 02:05:11.514000"
"2846","7.125","2998729.260763","44.980939","2026-04-25 02:05:14.513000"
"2847","7.125","1593840.20169599","23.907603","2026-04-25 02:05:16.107000"
"2848","7.125","993375.396729","14.900631","2026-04-25 02:05:17.100000"
"2849","7.125","2998654.397329","44.979816","2026-04-25 02:05:20.099000"
"2850","7.125","2737464.125951","41.061962","2026-04-25 02:05:22.837000"
"2851","7.125","1862454.191844","27.936813","2026-04-25 02:05:24.699000"
"2852","7.125","3199289.337794","47.98934","2026-04-25 02:05:27.898000"
"2853","8.142857","4467680.472594","58.079846","2026-04-25 02:05:32.366000"
"2854","7.125","3130413.389206","46.956201","2026-04-25 02:05:35.496000"
"2855","8.142857","4085495.306895","53.111439","2026-04-25 02:05:39.582000"
"2856","7.125","463886.610667","6.958299","2026-04-25 02:05:40.046000"
"2857","7.125","261439.927419","3.921599","2026-04-25 02:05:40.307000"
"2858","6.333333","2585291.287478","43.949952","2026-04-25 02:05:42.892000"
"2859","7.125","3203665.272395","48.054979","2026-04-25 02:05:46.096000"
"2860","7.125","2471055.523554","37.065833","2026-04-25 02:05:48.567000"
"2861","7.125","399457.724889","5.991866","2026-04-25 02:05:48.967000"
"2862","6.705882","1120094.060898","17.921505","2026-04-25 02:05:50.087000"
"2863","7.125","3739105.002085","56.086575","2026-04-25 02:05:53.826000"
"2864","8.142857","4078818.467947","53.02464","2026-04-25 02:05:57.905000"
"2865","7.125","1528975.264231","22.934629","2026-04-25 02:05:59.434000"
"2866","7.125","2469575.802485","37.043637","2026-04-25 02:06:01.903000"
"2867","7.125","268312.454224","4.024687","2026-04-25 02:06:02.172000"
"2868","7.125","3068791.071574","46.031866","2026-04-25 02:06:05.240000"
"2869","7.125","2398639.074961","35.979586","2026-04-25 02:06:07.639000"
"2870","7.125","1463576.79367099","21.953652","2026-04-25 02:06:09.103000"
"2871","7.125","3072896.591822","46.093449","2026-04-25 02:06:12.175000"
"2872","7.125","4132202.068965","61.983031","2026-04-25 02:06:16.308000"
"2873","7.125","2930104.541779","43.951568","2026-04-25 02:06:19.238000"
"2874","7.125","2270533.863703","34.058008","2026-04-25 02:06:21.508000"
"2875","7.125","929569.594065","13.943544","2026-04-25 02:06:22.438000"
"2876","7.125","3540371.131897","53.105567","2026-04-25 02:06:25.978000"
"2877","7.125","1331860.733032","19.977911","2026-04-25 02:06:27.310000"
"2878","7.125","659971.602758","9.899574","2026-04-25 02:06:27.970000"
"2879","6.333333","231546.233682","3.936286","2026-04-25 02:06:28.202000"
"2880","7.125","3541182.613373","53.117739","2026-04-25 02:06:31.743000"
"2881","7.125","3800875.266393","57.013129","2026-04-25 02:06:35.544000"
"2882","7.125","3473683.071136","52.105246","2026-04-25 02:06:39.017000"
"2883","7.125","3197725.184759","47.965878","2026-04-25 02:06:42.215000"
"2884","7.125","1863251.543045","27.948773","2026-04-25 02:06:44.078000"
"2885","8.142857","307841.007526","4.001933","2026-04-25 02:06:44.386000"
"2886","7.125","1862275.870641","27.934138","2026-04-25 02:06:46.248000"
"2887","7.125","3133525.339762","47.00288","2026-04-25 02:06:49.382000"
"2888","7.125","2528725.798925","37.930887","2026-04-25 02:06:51.911000"
"2889","7.125","3933702.007929","59.00553","2026-04-25 02:06:55.844000"
"2890","7.125","3266585.127513","48.998777","2026-04-25 02:06:59.111000"
"2891","7.125","3941323.137283","59.119847","2026-04-25 02:07:03.052000"
"2892","7.125","2864688.52361","42.970328","2026-04-25 02:07:05.917000"
"2893","7","3407836.325963","51.117545","2026-04-25 02:07:09.325000"
"2894","8.142857","541503.154314","7.039541","2026-04-25 02:07:09.866000"
"2895","7.125","3266054.010391","48.99081","2026-04-25 02:07:13.132000"
"2896","8.142857","4470601.760424","58.117823","2026-04-25 02:07:17.603000"
"2897","7.125","1995904.191335","29.938563","2026-04-25 02:07:19.599000"
"2898","7.125","2066542.927424","30.998144","2026-04-25 02:07:21.665000"
"2899","7.125","2462148.72996","36.932231","2026-04-25 02:07:24.128000"
"2900","7.125","3331384.261449","49.970764","2026-04-25 02:07:27.459000"
"2901","7","2868914.810816","43.033722","2026-04-25 02:07:30.328000"
"2902","7.125","795243.07251","11.928646","2026-04-25 02:07:31.123000"
"2903","7.125","1527832.20609","22.917483","2026-04-25 02:07:32.651000"
"2904","7.125","2462767.601013","36.941514","2026-04-25 02:07:35.114000"
"2905","7.125","3266362.730662","48.995441","2026-04-25 02:07:38.380000"
"2906","7.125","3396749.925613","50.951249","2026-04-25 02:07:41.777000"
"2907","7.125","202501.265208","3.037519","2026-04-25 02:07:41.979000"
"2908","7.125","3933729.47375","59.005942","2026-04-25 02:07:45.913000"
"2909","7.125","1333958.069483","20.009371","2026-04-25 02:07:47.247000"
"2910","7.125","2145332.527161","32.179988","2026-04-25 02:07:49.392000"
"2911","7.125","3268938.271205","49.034074","2026-04-25 02:07:52.661000"
"2912","7.125","2132431.395849","31.986471","2026-04-25 02:07:54.794000"
"2913","7","659153.874714999","9.887308","2026-04-25 02:07:55.453000"
"2914","7","3730336.602529","55.955049","2026-04-25 02:07:59.183000"
"2915","7.125","3996622.737249","59.949341","2026-04-25 02:08:03.180000"
"2916","7.125","938673.194249","14.080098","2026-04-25 02:08:04.119000"
"2917","7.125","2929289.070765","43.939336","2026-04-25 02:08:07.048000"
"2918","7.125","1002717.399597","15.0407609999999","2026-04-25 02:08:08.051000"
"2919","7.125","733294.471105","10.999417","2026-04-25 02:08:08.784000"
"2920","7.125","1130335.537593","16.955033","2026-04-25 02:08:09.914000"
"2921","7.125","262092.606227","3.931389","2026-04-25 02:08:10.176000"
"2922","7.125","1266930.262248","19.003954","2026-04-25 02:08:11.443000"
"2923","7.125","3598306.131363","53.974592","2026-04-25 02:08:15.041000"
"2924","7.125","2203213.326136","33.0482","2026-04-25 02:08:17.245000"
"2925","7.125","404826.863607","6.072403","2026-04-25 02:08:17.650000"
"2926","7","532694.800695","7.990422","2026-04-25 02:08:18.182000"
"2927","7","660775.995255","9.91164","2026-04-25 02:08:18.843000"
"2928","7.125","1260933.923721","18.914009","2026-04-25 02:08:20.104000"
"2929","7.125","2596313.858032","38.944708","2026-04-25 02:08:22.700000"
"2930","7.125","2465612.20487","36.984183","2026-04-25 02:08:25.166000"
"2931","7.125","3004355.462392","45.065332","2026-04-25 02:08:28.170000"
"2932","7.125","2406563.870112","36.098458","2026-04-25 02:08:30.577000"
"2933","7.125","1871934.080124","28.079011","2026-04-25 02:08:32.449000"
"2934","7.125","3332755.072912","49.991326","2026-04-25 02:08:35.781000"
"2935","7.125","3137714.195251","47.065713","2026-04-25 02:08:38.919000"
"2936","7.125","3528871.806463","52.933077","2026-04-25 02:08:42.448000"
"2937","6.705882","2750940.874219","44.015054","2026-04-25 02:08:45.199000"
"2938","7.125","4000017.944972","60.000269","2026-04-25 02:08:49.199000"
"2939","7.125","2397795.995076","35.96694","2026-04-25 02:08:51.597000"
"2940","7.125","2337877.257665","35.068159","2026-04-25 02:08:53.935000"
"2941","7.125","192758.735021","2.891381","2026-04-25 02:08:54.127000"
"2942","7.125","936017.211278","14.0402579999999","2026-04-25 02:08:55.063000"
"2943","7.125","2929261.875153","43.938928","2026-04-25 02:08:57.993000"
"2944","7.125","3870634.412766","58.059516","2026-04-25 02:09:01.863000"
"2945","8.142857","2535672.316184","32.96374","2026-04-25 02:09:04.399000"
"2946","7.125","2261913.33135","33.9287","2026-04-25 02:09:06.661000"
"2947","7.125","1264935.398102","18.974031","2026-04-25 02:09:07.926000"
"2948","7.125","3070388.205846","46.055823","2026-04-25 02:09:10.996000"
"2949","7.125","2529787.333806","37.94681","2026-04-25 02:09:13.526000"
"2950","7.125","792772.404353","11.891586","2026-04-25 02:09:14.319000"
"2951","7.125","727207.533518","10.908113","2026-04-25 02:09:15.046000"
"2952","6.705882","1621566.563845","25.945065","2026-04-25 02:09:16.668000"
"2953","7.125","2531982.008616","37.97973","2026-04-25 02:09:19.200000"
"2954","7.125","3872585.614522","58.088784","2026-04-25 02:09:23.072000"
"2955","7.125","3130797.799428","46.961967","2026-04-25 02:09:26.203000"
"2956","7.125","3806620.327632","57.099305","2026-04-25 02:09:30.010000"
"2957","7.125","3939450.327555","59.091755","2026-04-25 02:09:33.949000"
"2958","7.125","1203086.805344","18.046302","2026-04-25 02:09:35.152000"
"2959","7.125","2862244.256337","42.933664","2026-04-25 02:09:38.014000"
"2960","7.125","1671296.072006","25.069441","2026-04-25 02:09:39.686000"
"2961","7.125","3470419.390996","52.056291","2026-04-25 02:09:43.156000"
"2962","7.125","2463485.940297","36.952289","2026-04-25 02:09:45.620000"
"2963","7.125","3269360.669454","49.04041","2026-04-25 02:09:48.889000"
"2964","7.125","736607.726414999","11.049116","2026-04-25 02:09:49.626000"
"2965","7.125","793764.321009","11.906465","2026-04-25 02:09:50.419000"
"2966","7.125","3807471.529643","57.112073","2026-04-25 02:09:54.227000"
"2967","7.125","1865368.080139","27.980521","2026-04-25 02:09:56.092000"
"2968","7.125","608582.798639999","9.128742","2026-04-25 02:09:56.701000"
"2969","7.125","996638.600032","14.949579","2026-04-25 02:09:57.697000"
"2970","7","2864308.738708","42.964631","2026-04-25 02:10:00.562000"
"2971","7","1667555.936178","25.013339","2026-04-25 02:10:02.229000"
"2972","7","4064609.734217","60.969146","2026-04-25 02:10:06.294000"
"2973","7.125","3537284.866969","53.059273","2026-04-25 02:10:09.831000"
"2974","7.125","2869485.457738","43.042282","2026-04-25 02:10:12.701000"
"2975","7.125","1469310.601552","22.039659","2026-04-25 02:10:14.170000"
"2976","7","3339666.06458","50.094991","2026-04-25 02:10:17.510000"
"2977","7.125","2802514.870962","42.037723","2026-04-25 02:10:20.312000"
"2978","7","2871317.338943","43.06976","2026-04-25 02:10:23.183000"
"2979","7","3996326.541901","59.944898","2026-04-25 02:10:27.180000"
"2980","7","3327756.341298","49.916345","2026-04-25 02:10:30.508000"
"2981","7","2667674.334844","40.015115","2026-04-25 02:10:33.175000"
"2982","8","3624441.531988","47.11774","2026-04-25 02:10:36.800000"
"2983","7.125","401140.260696","6.017104","2026-04-25 02:10:37.201000"
"2984","7","2796345.663071","41.945185","2026-04-25 02:10:39.997000"
"2985","7","929345.401128","13.940181","2026-04-25 02:10:40.926000"
"2986","7","1460932.397842","21.913986","2026-04-25 02:10:42.387000"
"2987","7","863926.855722999","12.958903","2026-04-25 02:10:43.251000"
"2988","7","2136452.13445","32.046782","2026-04-25 02:10:45.388000"
"2989","7","996550.130844","14.9482519999999","2026-04-25 02:10:46.384000"
"2990","7","2202957.741419","33.044366","2026-04-25 02:10:48.587000"
"2991","7","3600225.861867","54.003388","2026-04-25 02:10:52.187000"
"2992","7","263592.990239","3.953895","2026-04-25 02:10:52.451000"
"2993","7","738368.542989","11.075528","2026-04-25 02:10:53.189000"
"2994","7.125","1797645.457586","26.964682","2026-04-25 02:10:54.987000"
"2995","7.125","1735154.93075099","26.027324","2026-04-25 02:10:56.722000"
"2996","7","3335776.805878","50.036652","2026-04-25 02:11:00.058000"
"2997","7","1936374.076207","29.045611","2026-04-25 02:11:01.994000"
"2998","7","2073126.268387","31.096894","2026-04-25 02:11:04.068000"
"2999","7","3331180.604299","49.967709","2026-04-25 02:11:07.399000"
"3000","7","2463303.200404","36.949548","2026-04-25 02:11:09.862000"
"3001","7","2806242.259343","42.093634","2026-04-25 02:11:12.668000"
"3002","7","2070440.069834","31.056601","2026-04-25 02:11:14.739000"
"3003","7","2932663.790385","43.989957","2026-04-25 02:11:17.671000"
"3004","7","2261230.802536","33.918462","2026-04-25 02:11:19.933000"
"3005","7","3270709.737142","49.060646","2026-04-25 02:11:23.203000"
"3006","7","3607588.132222","54.113822","2026-04-25 02:11:26.811000"
"3007","7","1795879.79316699","26.938197","2026-04-25 02:11:28.607000"
"3008","7","2869644.467036","43.044667","2026-04-25 02:11:31.476000"
"3009","7","3796124.744415","56.941871","2026-04-25 02:11:35.273000"
"3010","7.125","3863325.007757","57.949875","2026-04-25 02:11:39.136000"
"3011","6.222222","3645420.00434","61.97214","2026-04-25 02:11:42.781000"
"3012","7","2270912.806193","34.063692","2026-04-25 02:11:45.052000"
"3013","7","2667460.934321","40.011914","2026-04-25 02:11:47.720000"
"3014","7","3802701.52092","57.040523","2026-04-25 02:11:51.522000"
"3015","7","593267.742793","8.899016","2026-04-25 02:11:52.116000"
"3016","7","1401649.061839","21.024736","2026-04-25 02:11:53.517000"
"3017","7","2002385.012309","30.035775","2026-04-25 02:11:55.520000"
"3018","7","603045.654297","9.045685","2026-04-25 02:11:56.123000"
"3019","7","2736081.997554","41.04123","2026-04-25 02:11:58.859000"
"3020","7","2861119.270325","42.916789","2026-04-25 02:12:01.720000"
"3021","7","1337996.880213","20.069953","2026-04-25 02:12:03.058000"
"3022","7","3263070.615133","48.946059","2026-04-25 02:12:06.321000"
"3023","7","1069943.459829","16.049152","2026-04-25 02:12:07.391000"
"3024","7","860503.196716","12.907548","2026-04-25 02:12:08.251000"
"3025","7","2937326.192856","44.059893","2026-04-25 02:12:11.189000"
"3026","7","1062777.99606299","15.94167","2026-04-25 02:12:12.252000"
"3027","7","1594442.796707","23.916642","2026-04-25 02:12:13.846000"
"3028","7","4063078.991572","60.946185","2026-04-25 02:12:17.909000"
"3029","7","4138884.81458","62.083272","2026-04-25 02:12:22.048000"
"3030","7","2929641.199112","43.944618","2026-04-25 02:12:24.978000"
"3031","7","2070290.803909","31.054362","2026-04-25 02:12:27.048000"
"3032","7","1599816.862742","23.997253","2026-04-25 02:12:28.648000"
"3033","7","1938169.924418","29.072549","2026-04-25 02:12:30.586000"
"3034","7","3598329.003652","53.974935","2026-04-25 02:12:34.184000"
"3035","7","1871550.734838","28.073261","2026-04-25 02:12:36.056000"
"3036","7","403109.010061","6.046635","2026-04-25 02:12:36.459000"
"3037","7","4069558.270772","61.043374","2026-04-25 02:12:40.528000"
"3038","7","1933303.991954","28.99956","2026-04-25 02:12:42.462000"
"3039","7","1134413.258235","17.016199","2026-04-25 02:12:43.596000"
"3040","7","3865975.936254","57.989639","2026-04-25 02:12:47.462000"
"3041","7","1331424.395243","19.971366","2026-04-25 02:12:48.794000"
"3042","7","3873759.937286","58.106399","2026-04-25 02:12:52.667000"
"3043","7","1995700.009664","29.9355","2026-04-25 02:12:54.663000"
"3044","8","4379598.397475","56.934779","2026-04-25 02:12:59.043000"
"3045","7","3795103.597641","56.926554","2026-04-25 02:13:02.838000"
"3046","7","2604465.738932","39.066986","2026-04-25 02:13:05.442000"
"3047","7","1866350.269318","27.995254","2026-04-25 02:13:07.308000"
"3048","7","1928750.197093","28.931253","2026-04-25 02:13:09.237000"
"3049","7","1000885.947545","15.013289","2026-04-25 02:13:10.238000"
"3050","7","2466228.659948","36.99343","2026-04-25 02:13:12.704000"
"3051","7","460876.79863","6.913152","2026-04-25 02:13:13.165000"
"3052","7","1731130.409241","25.966956","2026-04-25 02:13:14.896000"
"3053","8","3614157.456618","46.984047","2026-04-25 02:13:18.511000"
"3054","7","2862930.806478","42.943962","2026-04-25 02:13:21.373000"
"3055","7","3803872.140249","57.0580819999999","2026-04-25 02:13:25.177000"
"3056","7","2136648.607254","32.049729","2026-04-25 02:13:27.314000"
"3057","7","195444.599787","2.931669","2026-04-25 02:13:27.509000"
"3058","7","3933702.262243","59.005534","2026-04-25 02:13:31.443000"
"3059","7","4136896.99173","62.053455","2026-04-25 02:13:35.580000"
"3060","7","1194667.86384599","17.920018","2026-04-25 02:13:36.775000"
"3061","7","1994716.676076","29.92075","2026-04-25 02:13:38.769000"
"3062","7","2605096.069972","39.076441","2026-04-25 02:13:41.375000"
"3063","7","1799641.863505","26.994628","2026-04-25 02:13:43.174000"
"3064","7","2196977.265676","32.954659","2026-04-25 02:13:45.371000"
"3065","7","1060707.600911","15.910614","2026-04-25 02:13:46.432000"
"3066","7","2461971.346537","36.92957","2026-04-25 02:13:48.894000"
"3067","7","1335454.940796","20.031824","2026-04-25 02:13:50.229000"
"3068","6.588235","3809021.249413","60.94434","2026-04-25 02:13:54.038000"
"3069","7","1393827.199936","20.907408","2026-04-25 02:13:55.432000"
"3070","7","1329825.735092","19.947386","2026-04-25 02:13:56.762000"
"3071","7","259168.465932","3.887527","2026-04-25 02:13:57.021000"
"3072","7","3396990.521749","50.954858","2026-04-25 02:14:00.418000"
"3073","7","3205319.404602","48.079791","2026-04-25 02:14:03.623000"
"3074","7","666166.877747","9.992503","2026-04-25 02:14:04.290000"
"3075","7","4130625.740687","61.959386","2026-04-25 02:14:08.420000"
"3076","7","2665539.932251","39.983099","2026-04-25 02:14:11.086000"
"3077","7","268712.87028","4.030693","2026-04-25 02:14:11.354000"
"3078","7","3068871.466319","46.033072","2026-04-25 02:14:14.423000"
"3079","7","4002274.67219","60.03412","2026-04-25 02:14:18.426000"
"3080","7.125","936620.53744","14.0493079999999","2026-04-25 02:14:19.362000"
"3081","7","2413651.069005","36.204766","2026-04-25 02:14:21.776000"
"3082","7","3665225.664775","54.978385","2026-04-25 02:14:25.441000"
"3083","7","1131195.068359","16.967926","2026-04-25 02:14:26.572000"
"3084","7","2872378.810247","43.085682","2026-04-25 02:14:29.445000"
"3085","7","2531513.468424","37.972702","2026-04-25 02:14:31.976000"
"3086","7","2932839.139303","43.992587","2026-04-25 02:14:34.909000"
"3087","7","402134.87943","6.032023","2026-04-25 02:14:35.311000"
"3088","7","3274084.456762","49.111267","2026-04-25 02:14:38.585000"
"3089","7","2529173.135757","37.937597","2026-04-25 02:14:41.114000"
"3090","7","3598826.662699","53.9824","2026-04-25 02:14:44.713000"
"3091","7","1271964.136759","19.079462","2026-04-25 02:14:45.985000"
"3092","8","533556.314614999","6.936232","2026-04-25 02:14:46.519000"
"3093","7","2937689.320246","44.06534","2026-04-25 02:14:49.456000"
"3094","7","2000154.860814","30.002323","2026-04-25 02:14:51.457000"
"3095","7","1737537.39992799","26.063061","2026-04-25 02:14:53.194000"
"3096","7","539888.143539","8.098322","2026-04-25 02:14:53.734000"
"3097","7","2396907.265981","35.953609","2026-04-25 02:14:56.131000"
"3098","7","2736735.391617","41.051031","2026-04-25 02:14:58.868000"
"3099","7","3404624.319077","51.069365","2026-04-25 02:15:02.272000"
"3100","7","4130366.325378","61.9554949999999","2026-04-25 02:15:06.403000"
"3101","7","4002966.133753","60.044492","2026-04-25 02:15:10.406000"
"3102","7","3869675.397873","58.045131","2026-04-25 02:15:14.275000"
"3103","7.125","1266822.067897","19.002331","2026-04-25 02:15:15.542000"
"3104","7.125","2737069.46373","41.056042","2026-04-25 02:15:18.279000"
"3105","7.125","2194060.866038","32.910913","2026-04-25 02:15:20.473000"
"3106","7.125","1662537.988027","24.93807","2026-04-25 02:15:22.136000"
"3107","7","4004171.403249","60.062571","2026-04-25 02:15:26.140000"
"3108","7","2996659.533183","44.949893","2026-04-25 02:15:29.137000"
"3109","8.142857","233568.925124","3.036396","2026-04-25 02:15:29.370000"
"3110","7.125","2665700.276693","39.985504","2026-04-25 02:15:32.036000"
"3111","7.125","3867058.261236","58.005874","2026-04-25 02:15:35.903000"
"3112","7","3197002.394994","47.955036","2026-04-25 02:15:39.100000"
"3113","7.125","1335784.53064","20.036768","2026-04-25 02:15:40.436000"
"3114","8.142857","919861.4634","11.958199","2026-04-25 02:15:41.356000"
"3115","7.125","3201558.526357","48.023378","2026-04-25 02:15:44.557000"
"3116","7","1468088.992437","22.021335","2026-04-25 02:15:46.025000"
"3117","7.125","2995653.994878","44.93481","2026-04-25 02:15:49.021000"
"3118","7.125","1003407.208125","15.051108","2026-04-25 02:15:50.024000"
"3119","7","741859.07046","11.127886","2026-04-25 02:15:50.766000"
"3120","7.125","1664115.7945","24.961737","2026-04-25 02:15:52.430000"
"3121","7","1534771.998723","23.02158","2026-04-25 02:15:53.965000"
"3122","7.125","2864428.933462","42.966434","2026-04-25 02:15:56.829000"
"3123","8","389335.302206","5.061359","2026-04-25 02:15:57.219000"
"3124","7.125","3738583.405813","56.078751","2026-04-25 02:16:00.957000"
"3125","7.125","4005895.932515","60.088439","2026-04-25 02:16:04.963000"
"3126","7.125","2336984.999975","35.054775","2026-04-25 02:16:07.300000"
"3127","7.125","461289.993922","6.91935","2026-04-25 02:16:07.762000"
"3128","7","195907.735825","2.938616","2026-04-25 02:16:07.957000"
"3129","7.125","2671388.339996","40.070825","2026-04-25 02:16:10.629000"
"3130","7","1930135.329564","28.95203","2026-04-25 02:16:12.559000"
"3131","7.125","2602503.124873","39.037547","2026-04-25 02:16:15.162000"
"3132","7.125","334392.801921","5.015892","2026-04-25 02:16:15.496000"
"3133","7.466667","152943.508966","2.141209","2026-04-25 02:16:15.649000"
"3134","7.125","2932385.396957","43.985781","2026-04-25 02:16:18.581000"
"3135","6.875","4133857.997259","62.00787","2026-04-25 02:16:22.715000"
"3136","7.125","4139217.13829","62.0882569999999","2026-04-25 02:16:26.854000"
"3137","7.125","4135716.327031","62.035745","2026-04-25 02:16:30.990000"
"3138","7.125","4136845.000585","62.052675","2026-04-25 02:16:35.127000"
"3139","6.875","4139781.72938","62.096726","2026-04-25 02:16:39.267000"
"3140","6.875","4144274.059931","62.164111","2026-04-25 02:16:43.411000"
"3141","6.875","4138042.13206","62.070632","2026-04-25 02:16:47.549000"
"3142","6.875","4137026.596069","62.055399","2026-04-25 02:16:51.686000"
"3143","7.125","4140476.942062","62.107154","2026-04-25 02:16:55.826000"
"3144","7.125","4136938.079198","62.0540709999999","2026-04-25 02:16:59.963000"
"3145","7.125","4132778.342565","61.991675","2026-04-25 02:17:04.096000"
"3146","8.142857","4767472.010392","61.977136","2026-04-25 02:17:08.864000"
"3147","7.125","4138031.133016","62.070467","2026-04-25 02:17:13.002000"
"3148","7.125","4130923.398336","61.963851","2026-04-25 02:17:17.133000"
"3149","7.125","4136940.06602","62.054101","2026-04-25 02:17:21.270000"
"3150","7.125","4131581.528982","61.973723","2026-04-25 02:17:25.401000"
"3151","7.125","4129897.673925","61.948465","2026-04-25 02:17:29.531000"
"3152","7.125","4133807.468414","62.007112","2026-04-25 02:17:33.665000"
"3153","7.125","4130242.729187","61.953641","2026-04-25 02:17:37.795000"
"3154","7.125","4126375.73878","61.895636","2026-04-25 02:17:41.921000"
"3155","7.125","4129578.590393","61.943679","2026-04-25 02:17:46.051000"
"3156","7.125","4137064.472834","62.055967","2026-04-25 02:17:50.188000"
"3157","7.125","4135345.602036","62.030184","2026-04-25 02:17:54.323000"
"3158","7.125","4138361.930847","62.075429","2026-04-25 02:17:58.462000"
"3159","7.125","4136884.33965","62.053265","2026-04-25 02:18:02.599000"
"3160","7.125","4130846.659342","61.9627","2026-04-25 02:18:06.730000"
"3161","7.125","4130484.676361","61.95727","2026-04-25 02:18:10.860000"
"3162","7.125","4131543.858846","61.973158","2026-04-25 02:18:14.992000"
"3163","7.125","4131557.067235","61.973356","2026-04-25 02:18:19.123000"
"3164","7.125","4130553.674698","61.958305","2026-04-25 02:18:23.254000"
"3165","7.125","4131033.992767","61.96551","2026-04-25 02:18:27.385000"
"3166","7.125","4129029.734929","61.935446","2026-04-25 02:18:31.514000"
"3167","6.333333","3649899.230284","62.048287","2026-04-25 02:18:35.164000"
"3168","7.125","4133969.068527","62.009536","2026-04-25 02:18:39.298000"
"3169","7.125","4137603.537242","62.064053","2026-04-25 02:18:43.435000"
"3170","7.125","4132557.201385","61.988358","2026-04-25 02:18:47.568000"
"3171","8.142857","4776865.243912","62.099248","2026-04-25 02:18:52.345000"
"3172","7.125","4131042.400996","61.965636","2026-04-25 02:18:56.476000"
"3173","7.125","4129907.004038","61.948605","2026-04-25 02:19:00.606000"
"3174","7.125","4138923.343023","62.08385","2026-04-25 02:19:04.745000"
"3175","7.125","4131503.391266","61.972551","2026-04-25 02:19:08.876000"
"3176","7.125","4131204.605103","61.9680689999999","2026-04-25 02:19:13.007000"
"3177","7.125","4129860.210419","61.947903","2026-04-25 02:19:17.137000"
"3178","7.125","4129870.001475","61.94805","2026-04-25 02:19:21.267000"
"3179","8.142857","4773259.548041","62.052374","2026-04-25 02:19:26.040000"
"3180","7.125","4131448.125839","61.971722","2026-04-25 02:19:30.172000"
"3181","7.125","4134909.598033","62.023644","2026-04-25 02:19:34.307000"
"3182","7.125","4140335.734685","62.105036","2026-04-25 02:19:38.447000"
"3183","7.125","4136571.613948","62.048574","2026-04-25 02:19:42.583000"
"3184","7.125","4131366.666158","61.9705","2026-04-25 02:19:46.715000"
"3185","7.125","4131299.861272","61.969498","2026-04-25 02:19:50.846000"
"3186","7.125","4136446.126302","62.046692","2026-04-25 02:19:54.983000"
"3187","8.142857","4770210.541212","62.012737","2026-04-25 02:19:59.753000"
"3188","7.125","4139672.406514","62.095086","2026-04-25 02:20:03.892000"
"3189","7.125","4137250.932058","62.058764","2026-04-25 02:20:08.030000"
"3190","7.125","4137164.068222","62.057461","2026-04-25 02:20:12.167000"
"3191","7.125","4131780.06808","61.976701","2026-04-25 02:20:16.299000"
"3192","7.125","4139590.740204","62.093861","2026-04-25 02:20:20.438000"
"3193","7.125","4131761.47143","61.976422","2026-04-25 02:20:24.570000"
"3194","7.125","4143241.612116","62.148624","2026-04-25 02:20:28.713000"
"3195","7.125","4134163.459142","62.012452","2026-04-25 02:20:32.847000"
"3196","7.125","4140681.997935","62.11023","2026-04-25 02:20:36.988000"
"3197","7.125","4136948.267619","62.054224","2026-04-25 02:20:41.125000"
"3198","7.125","4139557.854335","62.093368","2026-04-25 02:20:45.265000"
"3199","7.125","4140205.79656","62.103087","2026-04-25 02:20:49.405000"
"3200","7.125","4131712.929408","61.975694","2026-04-25 02:20:53.537000"
"3201","7.125","4131654.198964","61.974813","2026-04-25 02:20:57.668000"
"3202","7.125","4136808.538437","62.052128","2026-04-25 02:21:01.805000"
"3203","7.125","4131590.191523","61.973853","2026-04-25 02:21:05.937000"
"3204","7.125","4133895.730972","62.008436","2026-04-25 02:21:10.070000"
"3205","7.125","4129410.87087","61.941163","2026-04-25 02:21:14.200000"
"3206","7.125","4128906.997045","61.933605","2026-04-25 02:21:18.329000"
"3207","7.125","4128579.934438","61.928699","2026-04-25 02:21:22.457000"
"3208","7.125","4131628.94249","61.974434","2026-04-25 02:21:26.589000"
"3209","7.125","4134190.400441","62.012856","2026-04-25 02:21:30.723000"
"3210","7.125","4131528.743108","61.972931","2026-04-25 02:21:34.855000"
"3211","7.125","4139776.738485","62.096651","2026-04-25 02:21:38.995000"
"3212","7.125","4136946.868896","62.054203","2026-04-25 02:21:43.131000"
"3213","7.125","4139672.199885","62.095083","2026-04-25 02:21:47.271000"
"3214","7.125","4127940.940857","61.919114","2026-04-25 02:21:51.399000"
"3215","7.125","4128005.99734","61.92009","2026-04-25 02:21:55.527000"
"3216","8.142857","4768571.761938","61.991433","2026-04-25 02:22:00.296000"
"3217","7.125","4129025.141398","61.935377","2026-04-25 02:22:04.425000"
"3218","6.333333","3646473.295548","61.990046","2026-04-25 02:22:08.071000"
"3219","6.333333","3650471.112307","62.058009","2026-04-25 02:22:11.722000"
"3220","7.125","4133899.799983","62.008497","2026-04-25 02:22:15.856000"
"3221","7.125","4136744.260788","62.051164","2026-04-25 02:22:19.992000"
"3222","7.125","4131389.935811","61.970849","2026-04-25 02:22:24.124000"
"3223","7.125","4135283.931096","62.029259","2026-04-25 02:22:28.259000"
"3224","7.125","4136494.604747","62.047419","2026-04-25 02:22:32.395000"
"3225","7.125","4135051.329931","62.02577","2026-04-25 02:22:36.530000"
"3226","7.125","4129020.468394","61.935307","2026-04-25 02:22:40.659000"
"3227","7.6","4426910.63880899","61.976749","2026-04-25 02:22:45.086000"
"3228","7.125","4127748.600642","61.916229","2026-04-25 02:22:49.214000"
"3229","7.125","4139916.801453","62.098752","2026-04-25 02:22:53.354000"
"3230","7.125","4137062.660853","62.05594","2026-04-25 02:22:57.491000"
"3231","7.125","4136622.603734","62.049339","2026-04-25 02:23:01.628000"
"3232","7.125","4131207.466125","61.968112","2026-04-25 02:23:05.759000"
"3233","7.125","4136912.663778","62.05369","2026-04-25 02:23:09.896000"
"3234","7.125","4136228.195826","62.043423","2026-04-25 02:23:14.032000"
"3235","7.125","4134417.740504","62.016266","2026-04-25 02:23:18.167000"
"3236","6.875","4132891.464233","61.993372","2026-04-25 02:23:22.299000"
"3237","8.142857","4773264.224713","62.052435","2026-04-25 02:23:27.073000"
"3238","7.125","4136777.734756","62.051666","2026-04-25 02:23:31.209000"
"3239","7.125","4140076.653163","62.10115","2026-04-25 02:23:35.350000"
"3240","7.125","4133866.596222","62.007999","2026-04-25 02:23:39.483000"
"3241","6.875","4136893.145243","62.053397","2026-04-25 02:23:43.620000"
"3242","6.875","4136658.000946","62.04987","2026-04-25 02:23:47.757000"
"3243","6.875","4129601.192474","61.944018","2026-04-25 02:23:51.887000"
"3244","7.125","4136800.06663","62.052001","2026-04-25 02:23:56.023000"
"3245","6.111111","3650220.884996","62.053755","2026-04-25 02:23:59.674000"
"3246","7.125","4129368.797938","61.940532","2026-04-25 02:24:03.803000"
"3247","7.125","4131673.272451","61.975099","2026-04-25 02:24:07.935000"
"3248","6.875","4136647.939682","62.049719","2026-04-25 02:24:12.071000"
"3249","7.125","4134994.808833","62.024922","2026-04-25 02:24:16.206000"
"3250","6.875","4140454.737345","62.106821","2026-04-25 02:24:20.347000"
"3251","6.875","4133877.070745","62.008156","2026-04-25 02:24:24.481000"
"3252","6.875","4142208.46494","62.133127","2026-04-25 02:24:28.623000"
"3253","6.875","4127063.465118","61.905952","2026-04-25 02:24:32.750000"
"3254","6.875","4147450.590134","62.211759","2026-04-25 02:24:36.897000"
"3255","6.875","4128175.86263","61.922638","2026-04-25 02:24:41.025000"
"3256","6.875","4131645.139058","61.974677","2026-04-25 02:24:45.157000"
"3257","6.875","4132738.79687","61.9910819999999","2026-04-25 02:24:49.290000"
"3258","8.142857","4773175.991499","62.051288","2026-04-25 02:24:54.063000"
"3259","7.125","4131535.657247","61.973035","2026-04-25 02:24:58.195000"
"3260","6.875","4136704.063416","62.050561","2026-04-25 02:25:02.331000"
"3261","6.875","4136698.532104","62.050478","2026-04-25 02:25:06.468000"
"3262","6.875","4136628.389359","62.049426","2026-04-25 02:25:10.605000"
"3263","7.125","4132466.602325","61.986999","2026-04-25 02:25:14.737000"
"3264","6.875","4129313.468933","61.939702","2026-04-25 02:25:18.866000"
"3265","6.875","4129783.535004","61.946753","2026-04-25 02:25:22.996000"
"3266","6.875","4136709.006627","62.050635","2026-04-25 02:25:27.133000"
"3267","6.875","4131435.791651","61.971537","2026-04-25 02:25:31.264000"
"3268","6.875","4131204.732259","61.968071","2026-04-25 02:25:35.396000"
"3269","6.875","4131619.469325","61.974292","2026-04-25 02:25:39.527000"
"3270","6.875","4140309.731166","62.104646","2026-04-25 02:25:43.667000"
"3271","6.875","4131591.796875","61.973877","2026-04-25 02:25:47.799000"
"3272","6.875","4132692.797979","61.990392","2026-04-25 02:25:51.932000"
"3273","6.875","4132372.585932","61.985589","2026-04-25 02:25:56.064000"
"3274","6.47058799999999","3876972.123981","62.031554","2026-04-25 02:25:59.941000"
"3275","6.875","4140309.937795","62.104649","2026-04-25 02:26:04.081000"
"3276","7.125","4136807.934443","62.052119","2026-04-25 02:26:08.218000"
"3277","6.875","4136961.41243","62.054421","2026-04-25 02:26:12.355000"
"3278","6.875","4131561.199824","61.973418","2026-04-25 02:26:16.487000"
"3279","6.875","4139711.141586","62.095667","2026-04-25 02:26:20.626000"
"3280","6.875","4137028.328578","62.055425","2026-04-25 02:26:24.763000"
"3281","6.875","4131417.131424","61.971257","2026-04-25 02:26:28.895000"
"3282","6.875","4129545.736313","61.943186","2026-04-25 02:26:33.024000"
"3283","6.875","4147162.993749","62.2074449999999","2026-04-25 02:26:37.172000"
"3284","6.875","4143187.920252","62.1478189999999","2026-04-25 02:26:41.315000"
"3285","6.875","4137153.800329","62.057307","2026-04-25 02:26:45.452000"
"3286","6.875","4131212.536494","61.968188","2026-04-25 02:26:49.583000"
"3287","6.875","4138454.262416","62.076814","2026-04-25 02:26:53.722000"
"3288","8.142857","4762578.927554","61.913526","2026-04-25 02:26:58.484000"
"3289","6.875","4129732.926687","61.9459939999999","2026-04-25 02:27:02.614000"
"3290","6.875","4136701.790492","62.050527","2026-04-25 02:27:06.751000"
"3291","6.875","4140895.795822","62.113437","2026-04-25 02:27:10.892000"
"3292","6.875","4140543.079376","62.108146","2026-04-25 02:27:15.032000"
"3293","7.125","4131062.666575","61.96594","2026-04-25 02:27:19.163000"
"3294","6.875","4131625.191371","61.974378","2026-04-25 02:27:23.295000"
"3295","6.875","4131593.863169","61.973908","2026-04-25 02:27:27.426000"
"3296","7.125","4131150.007248","61.96725","2026-04-25 02:27:31.557000"
"3297","8.142857","4773306.62654","62.052986","2026-04-25 02:27:36.331000"
"3298","7.125","4131559.546789","61.973393","2026-04-25 02:27:40.462000"
"3299","7.125","4131567.207972","61.973508","2026-04-25 02:27:44.594000"
"3300","7.125","4131404.129664","61.971062","2026-04-25 02:27:48.725000"
"3301","7.125","4137010.860443","62.055163","2026-04-25 02:27:52.862000"
"3302","7.125","4135185.670853","62.027785","2026-04-25 02:27:56.998000"
"3303","7.125","4136775.334676","62.05163","2026-04-25 02:28:01.134000"
"3304","7.125","4129645.808538","61.944687","2026-04-25 02:28:05.264000"
"3305","7.125","4131404.129664","61.971062","2026-04-25 02:28:09.395000"
"3306","7.125","4129654.9956","61.944825","2026-04-25 02:28:13.525000"
"3307","7.125","4131512.006124","61.97268","2026-04-25 02:28:17.657000"
"3308","7.125","4136829.996109","62.05245","2026-04-25 02:28:21.793000"
"3309","7.125","4131538.740794","61.973081","2026-04-25 02:28:25.925000"
"3310","7.125","4131514.596939","61.972719","2026-04-25 02:28:30.056000"
"3311","7.125","4135886.605581","62.038299","2026-04-25 02:28:34.192000"
"3312","7.125","4134900.061289","62.023501","2026-04-25 02:28:38.327000"
"3313","7.125","4132782.061895","61.991731","2026-04-25 02:28:42.460000"
"3314","7.125","4136575.333277","62.04863","2026-04-25 02:28:46.597000"
"3315","7.125","4138960.806529","62.084412","2026-04-25 02:28:50.735000"
"3316","7.125","4131483.809153","61.9722569999999","2026-04-25 02:28:54.867000"
"3317","7.125","4131324.068705","61.969861","2026-04-25 02:28:58.998000"
"3318","7.125","4134800.275167","62.022004","2026-04-25 02:29:03.133000"
"3319","7.125","4133209.737142","61.998146","2026-04-25 02:29:07.266000"
"3320","6.333333","3650196.762646","62.0533449999999","2026-04-25 02:29:10.917000"
"3321","7.125","4131458.791097","61.971882","2026-04-25 02:29:15.048000"
"3322","7.125","4131357.336044","61.97036","2026-04-25 02:29:19.179000"
"3323","6.705882","3880637.24339","62.090196","2026-04-25 02:29:23.060000"
"3324","7.125","4132268.460592","61.984027","2026-04-25 02:29:27.192000"
"3325","7.125","4136797.936757","62.0519689999999","2026-04-25 02:29:31.329000"
"3326","7.125","4134293.588003","62.014404","2026-04-25 02:29:35.463000"
"3327","7.125","4131377.204259","61.9706579999999","2026-04-25 02:29:39.595000"
"3328","7.125","4131320.730845","61.969811","2026-04-25 02:29:43.726000"
"3329","7.125","4131380.860011","61.970713","2026-04-25 02:29:47.857000"
"3330","7.125","4133048.470815","61.995727","2026-04-25 02:29:51.990000"
"3331","7.125","4131394.0684","61.970911","2026-04-25 02:29:56.122000"
"3332","7.125","4140495.999654","62.10744","2026-04-25 02:30:00.262000"
"3333","7.125","4139498.59937","62.092479","2026-04-25 02:30:04.402000"
"3334","7.125","4137680.46697","62.065207","2026-04-25 02:30:08.540000"
"3335","7.125","4136666.870117","62.050003","2026-04-25 02:30:12.676000"
"3336","7.125","4136623.064677","62.0493459999999","2026-04-25 02:30:16.813000"
"3337","7.125","4130037.403107","61.950561","2026-04-25 02:30:20.943000"
"3338","7.125","4138041.671117","62.070625","2026-04-25 02:30:25.081000"
"3339","7.125","4131556.272507","61.973344","2026-04-25 02:30:29.212000"
"3340","7.125","4134501.202901","62.017518","2026-04-25 02:30:33.347000"
"3341","7.125","4141461.261113","62.1219189999999","2026-04-25 02:30:37.488000"
"3342","7.125","4138643.789291","62.079657","2026-04-25 02:30:41.627000"
"3343","6.705882","3871468.186378","61.943491","2026-04-25 02:30:45.499000"
"3344","7.125","4140702.867508","62.110543","2026-04-25 02:30:49.639000"
"3345","7.125","4131527.853012","61.972918","2026-04-25 02:30:53.771000"
"3346","7.125","4131362.199783","61.9704329999999","2026-04-25 02:30:57.902000"
"3347","7.125","4136394.739151","62.0459209999999","2026-04-25 02:31:02.039000"
"3348","7.125","4136987.733841","62.054816","2026-04-25 02:31:06.175000"
"3349","7.125","4136865.266164","62.052979","2026-04-25 02:31:10.312000"
"3350","7.125","4129488.213857","61.942323","2026-04-25 02:31:14.442000"
"3351","7.125","4131491.327286","61.97237","2026-04-25 02:31:18.573000"
"3352","7.125","4131445.010503","61.971675","2026-04-25 02:31:22.705000"
"3353","7.125","4131754.06456","61.976311","2026-04-25 02:31:26.837000"
"3354","7.125","4130831.464132","61.962472","2026-04-25 02:31:30.967000"
"3355","7.125","4140723.403295","62.110851","2026-04-25 02:31:35.108000"
"3356","7.125","4140561.86676","62.108428","2026-04-25 02:31:39.249000"
"3357","7.125","4136677.265167","62.050159","2026-04-25 02:31:43.385000"
"3358","7","4131492.932638","61.972394","2026-04-25 02:31:47.517000"
"3359","6.333333","3650079.825345","62.051357","2026-04-25 02:31:51.167000"
"3360","7.125","4136202.669144","62.04304","2026-04-25 02:31:55.303000"
"3361","7.125","4128786.722819","61.931801","2026-04-25 02:31:59.432000"
"3362","7","4131412.585576","61.971189","2026-04-25 02:32:03.563000"
"3363","7","4129673.131307","61.945097","2026-04-25 02:32:07.693000"
"3364","7.125","4130010.414124","61.950156","2026-04-25 02:32:11.823000"
"3365","7","4131307.729085","61.969616","2026-04-25 02:32:15.954000"
"3366","8.142857","4773213.386536","62.051774","2026-04-25 02:32:20.728000"
"3367","7.125","4140340.137482","62.105102","2026-04-25 02:32:24.868000"
"3368","7.125","4135863.335927","62.03795","2026-04-25 02:32:29.004000"
"3369","8","4772111.764321","62.037453","2026-04-25 02:32:33.776000"
"3370","7","4149669.933319","62.245049","2026-04-25 02:32:37.925000"
"3371","7","4130781.269073","61.961719","2026-04-25 02:32:42.056000"
"3372","7","4136638.784409","62.049582","2026-04-25 02:32:46.193000"
"3373","7.125","4137027.454376","62.055412","2026-04-25 02:32:50.330000"
"3374","7","4130463.933945","61.956959","2026-04-25 02:32:54.460000"
"3375","7","4136768.865585","62.051533","2026-04-25 02:32:58.597000"
"3376","8.142857","4767249.675897","61.974246","2026-04-25 02:33:03.364000"
"3377","7.125","4129930.130641","61.948952","2026-04-25 02:33:07.494000"
"3378","7.125","4136966.657639","62.0545","2026-04-25 02:33:11.631000"
"3379","7.125","4132406.997681","61.986105","2026-04-25 02:33:15.764000"
"3380","7.125","4133756.00179","62.00634","2026-04-25 02:33:19.897000"
"3381","8.142857","4773184.757966","62.051402","2026-04-25 02:33:24.671000"
"3382","7.125","4136726.792653","62.050902","2026-04-25 02:33:28.807000"
"3383","7.125","4131463.479996","61.971952","2026-04-25 02:33:32.939000"
"3384","7.125","4134696.133931","62.020442","2026-04-25 02:33:37.074000"
"3385","7.125","4136572.202047","62.048583","2026-04-25 02:33:41.210000"
"3386","7.125","4131355.603536","61.970334","2026-04-25 02:33:45.341000"
"3387","7","4131683.063507","61.975246","2026-04-25 02:33:49.473000"
"3388","7","4131198.279063","61.967974","2026-04-25 02:33:53.604000"
"3389","8","4767216.077218","61.973809","2026-04-25 02:33:58.372000"
"3390","7","4132774.543762","61.991618","2026-04-25 02:34:02.504000"
"3391","7.125","4131064.399083","61.965966","2026-04-25 02:34:06.635000"
"3392","7.125","4139987.198512","62.099808","2026-04-25 02:34:10.775000"
"3393","7.125","4140134.207408","62.102013","2026-04-25 02:34:14.916000"
"3394","7.125","4140233.469009","62.103502","2026-04-25 02:34:19.056000"
"3395","7.125","4140512.800217","62.107692","2026-04-25 02:34:23.196000"
"3396","7.125","4138903.538386","62.083553","2026-04-25 02:34:27.335000"
"3397","7.125","4129983.727137","61.949756","2026-04-25 02:34:31.465000"
"3398","7.125","4134833.860397","62.022508","2026-04-25 02:34:35.600000"
"3399","7.125","4138037.999471","62.07057","2026-04-25 02:34:39.738000"
"3400","7.125","4134581.99501","62.01873","2026-04-25 02:34:43.873000"
"3401","7.125","4137999.868393","62.069998","2026-04-25 02:34:48.011000"
"3402","7.125","4137030.871709","62.055463","2026-04-25 02:34:52.148000"
"3403","7.125","4129770.342509","61.946555","2026-04-25 02:34:56.277000"
"3404","7.125","4140738.741557","62.111081","2026-04-25 02:35:00.418000"
"3405","7.125","4137820.800145","62.067312","2026-04-25 02:35:04.556000"
"3406","7.125","4139034.398397","62.085516","2026-04-25 02:35:08.695000"
"3407","7.125","4140619.134903","62.109287","2026-04-25 02:35:12.836000"
"3408","7.125","4137393.331528","62.0609","2026-04-25 02:35:16.973000"
"3409","7.125","4130001.274745","61.950019","2026-04-25 02:35:21.103000"
"3410","7.125","4139613.676071","62.094205","2026-04-25 02:35:25.243000"
"3411","7.125","4139121.055603","62.086816","2026-04-25 02:35:29.382000"
"3412","7.125","4133517.138163","62.002757","2026-04-25 02:35:33.515000"
"3413","7.125","4140274.937948","62.104124","2026-04-25 02:35:37.656000"
"3414","7.125","4129911.470413","61.948672","2026-04-25 02:35:41.785000"
"3415","8.142857","4777635.152523","62.1092569999999","2026-04-25 02:35:46.563000"
"3416","7.125","4129774.475098","61.946617","2026-04-25 02:35:50.693000"
"3417","7.125","4137676.938375","62.065154","2026-04-25 02:35:54.831000"
"3418","7.125","4129028.669993","61.93543","2026-04-25 02:35:58.960000"
"3419","7.125","4140540.393194","62.108106","2026-04-25 02:36:03.100000"
"3420","7.125","4138912.057877","62.083681","2026-04-25 02:36:07.239000"
"3421","6.875","4137126.27093","62.0568939999999","2026-04-25 02:36:11.376000"
"3422","6.875","4134894.863764","62.023423","2026-04-25 02:36:15.511000"
"3423","7.125","4134831.53979","62.022473","2026-04-25 02:36:19.646000"
"3424","7.125","4140804.926554","62.112074","2026-04-25 02:36:23.787000"
"3425","7.125","4140238.809586","62.103582","2026-04-25 02:36:27.927000"
"3426","7.125","4135231.463114","62.028472","2026-04-25 02:36:32.062000"
"3427","7.125","4139841.731389","62.097626","2026-04-25 02:36:36.202000"
"3428","7.125","4140697.272619","62.110459","2026-04-25 02:36:40.343000"
"3429","7.125","4129062.461853","61.935937","2026-04-25 02:36:44.472000"
"3430","7.125","4129912.662506","61.94869","2026-04-25 02:36:48.602000"
"3431","7.125","4131591.463089","61.973872","2026-04-25 02:36:52.733000"
"3432","6.875","4132180.658976","61.98271","2026-04-25 02:36:56.865000"
"3433","6.875","4137100.855509","62.056513","2026-04-25 02:37:01.003000"
"3434","6.875","4131169.398626","61.967541","2026-04-25 02:37:05.134000"
"3435","7.125","4136217.053731","62.043256","2026-04-25 02:37:09.270000"
"3436","7.125","4133947.197596","62.009208","2026-04-25 02:37:13.404000"
"3437","7.125","4140549.866358","62.108248","2026-04-25 02:37:17.544000"
"3438","6.875","4129738.473892","61.946077","2026-04-25 02:37:21.674000"
"3439","6.875","4129841.40714","61.947621","2026-04-25 02:37:25.804000"
"3440","6.875","4139959.669113","62.099395","2026-04-25 02:37:29.944000"
"3441","6.875","4141653.664907","62.124805","2026-04-25 02:37:34.086000"
"3442","7.85714299999999","4777345.143832","62.105487","2026-04-25 02:37:38.863000"
"3443","6.875","4130098.263423","61.951474","2026-04-25 02:37:42.993000"
"3444","6.875","4132858.133316","61.992872","2026-04-25 02:37:47.126000"
"3445","6.875","4133245.944977","61.998689","2026-04-25 02:37:51.259000"
"3446","6.47058799999999","3873172.804713","61.970765","2026-04-25 02:37:55.132000"
"3447","7.125","4136023.139954","62.040347","2026-04-25 02:37:59.268000"
"3448","7.85714299999999","4765280.925311","61.948652","2026-04-25 02:38:04.034000"
"3449","7.125","4137662.935257","62.064944","2026-04-25 02:38:08.171000"
"3450","8.142857","4774717.77109","62.071331","2026-04-25 02:38:12.946000"
"3451","7.125","4139741.675059","62.096125","2026-04-25 02:38:17.086000"
"3452","7.125","4134204.673767","62.0130699999999","2026-04-25 02:38:21.220000"
"3453","6.875","4136110.591888","62.041659","2026-04-25 02:38:25.356000"
"3454","6.875","4130364.863078","61.955473","2026-04-25 02:38:29.486000"
"3455","6.875","4136503.664653","62.047555","2026-04-25 02:38:33.623000"
"3456","6.875","4138683.064779","62.080246","2026-04-25 02:38:37.762000"
"3457","6.875","4142847.935359","62.1427189999999","2026-04-25 02:38:41.905000"
"3458","7.125","4138670.523961","62.080058","2026-04-25 02:38:46.043000"
"3459","7.125","4138022.406896","62.070336","2026-04-25 02:38:50.181000"
"3460","7.125","4134967.788061","62.024517","2026-04-25 02:38:54.316000"
"3461","7.125","4130615.59995","61.959234","2026-04-25 02:38:58.447000"
"3462","7.125","4129907.941818","61.948619","2026-04-25 02:39:02.577000"
"3463","7.125","4139101.743698","62.086526","2026-04-25 02:39:06.716000"
"3464","7.125","4136875.279744","62.053129","2026-04-25 02:39:10.853000"
"3465","7.125","4140240.31957","62.103605","2026-04-25 02:39:14.993000"
"3466","7.125","4135260.121028","62.028902","2026-04-25 02:39:19.128000"
"3467","7.125","4138573.66244","62.078605","2026-04-25 02:39:23.267000"
"3468","7.125","4129753.128688","61.946297","2026-04-25 02:39:27.396000"
"3469","7.125","4129856.141408","61.947842","2026-04-25 02:39:31.526000"
"3470","7.125","4140674.734116","62.110121","2026-04-25 02:39:35.667000"
"3471","7.125","4139872.264862","62.098084","2026-04-25 02:39:39.807000"
"3472","7.125","4140413.935979","62.106209","2026-04-25 02:39:43.947000"
"3473","7.125","4134662.326177","62.019935","2026-04-25 02:39:48.082000"
"3474","7.125","4126613.394419","61.899201","2026-04-25 02:39:52.209000"
"3475","7.125","4132746.140162","61.991192","2026-04-25 02:39:56.341000"
"3476","7.125","4130791.393916","61.961871","2026-04-25 02:40:00.472000"
"3477","6.705882","3882588.192821","62.121411","2026-04-25 02:40:04.355000"
"3478","7.125","4135135.80958","62.027037","2026-04-25 02:40:08.490000"
"3479","7.125","4135325.813293","62.029887","2026-04-25 02:40:12.625000"
"3480","7.125","4137624.740601","62.064371","2026-04-25 02:40:16.763000"
"3481","7.125","4130616.3311","61.959245","2026-04-25 02:40:20.893000"
"3482","7.125","4139136.330287","62.087045","2026-04-25 02:40:25.033000"
"3483","7.125","4129580.338796","61.943705","2026-04-25 02:40:29.162000"
"3484","7.125","4141660.070419","62.124901","2026-04-25 02:40:33.304000"
"3485","8.142857","4773974.767098","62.061672","2026-04-25 02:40:38.078000"
"3486","7.125","4130619.589488","61.9592939999999","2026-04-25 02:40:42.208000"
"3487","7.125","4140337.530772","62.105063","2026-04-25 02:40:46.349000"
"3488","7.125","4135100.93689","62.026514","2026-04-25 02:40:50.484000"
"3489","7.125","4140373.595556","62.105604","2026-04-25 02:40:54.624000"
"3490","7.125","4131764.809291","61.976472","2026-04-25 02:40:58.756000"
"3491","7.125","4132384.268443","61.985764","2026-04-25 02:41:02.888000"
"3492","7.125","4130758.333206","61.961375","2026-04-25 02:41:07.019000"
"3493","7.125","4140203.666687","62.103055","2026-04-25 02:41:11.159000"
"3494","7.125","4131060.059865","61.965901","2026-04-25 02:41:15.290000"
"3495","7.125","4127035.140991","61.905527","2026-04-25 02:41:19.417000"
"3496","7.125","4132995.939255","61.994939","2026-04-25 02:41:23.550000"
"3497","7.125","4140672.000249","62.11008","2026-04-25 02:41:27.691000"
"3498","8.142857","4777335.845507","62.105366","2026-04-25 02:41:32.468000"
"3499","7.125","4141199.98614","62.118","2026-04-25 02:41:36.610000"
"3500","7.125","4138329.203924","62.074938","2026-04-25 02:41:40.748000"
"3501","7.125","4127928.066254","61.918921","2026-04-25 02:41:44.876000"
"3502","7.125","4131842.26354","61.977634","2026-04-25 02:41:49.008000"
"3503","7.125","4134729.6079","62.0209439999999","2026-04-25 02:41:53.142000"
"3504","7.125","4138411.331177","62.07617","2026-04-25 02:41:57.281000"
"3505","7.125","4133350.197474","62.000253","2026-04-25 02:42:01.414000"
"3506","7.125","4140399.599075","62.105994","2026-04-25 02:42:05.555000"
"3507","7.125","4126666.466395","61.899997","2026-04-25 02:42:09.681000"
"3508","7.125","4137139.733632","62.057096","2026-04-25 02:42:13.818000"
"3509","7.125","4140209.468206","62.103142","2026-04-25 02:42:17.959000"
"3510","7.125","4129708.67157","61.94563","2026-04-25 02:42:22.088000"
"3511","7.125","4140487.527847","62.107313","2026-04-25 02:42:26.229000"
"3512","8.142857","4763939.692424","61.931216","2026-04-25 02:42:30.993000"
"3513","7.125","4142852.131526","62.142782","2026-04-25 02:42:35.136000"
"3514","7.125","4146855.465571","62.202832","2026-04-25 02:42:39.282000"
"3515","7.125","4130013.608932","61.950204","2026-04-25 02:42:43.412000"
"3516","7.125","4137029.059728","62.055436","2026-04-25 02:42:47.549000"
"3517","7.125","4133093.325297","61.9964","2026-04-25 02:42:51.683000"
"3518","7.125","4131215.397517","61.968231","2026-04-25 02:42:55.814000"
"3519","7.125","4130604.060491","61.959061","2026-04-25 02:42:59.944000"
"3520","7","4130164.527893","61.952468","2026-04-25 02:43:04.075000"
"3521","7.125","4137827.205658","62.0674079999999","2026-04-25 02:43:08.212000"
"3522","7","4141968.870163","62.129533","2026-04-25 02:43:12.354000"
"3523","7","4136731.131872","62.050967","2026-04-25 02:43:16.491000"
"3524","7","4138910.99294","62.083665","2026-04-25 02:43:20.630000"
"3525","7","4140400.473277","62.106007","2026-04-25 02:43:24.770000"
"3526","7","4131140.804291","61.967112","2026-04-25 02:43:28.902000"
"3527","7","4131346.257528","61.9701939999999","2026-04-25 02:43:33.033000"
"3528","7.125","4136703.268687","62.050549","2026-04-25 02:43:37.170000"
"3529","7.125","4131492.265066","61.972384","2026-04-25 02:43:41.301000"
"3530","7.125","4133078.00293","61.9961699999999","2026-04-25 02:43:45.434000"
"3531","7.125","4132932.456334","61.993987","2026-04-25 02:43:49.567000"
"3532","7","4130919.472377","61.963792","2026-04-25 02:43:53.698000"
"3533","7","4136753.733953","62.051306","2026-04-25 02:43:57.835000"
"3534","7.125","4136545.801163","62.048187","2026-04-25 02:44:01.971000"
"3535","7","4135331.471761","62.029972","2026-04-25 02:44:06.107000"
"3536","7","4134184.932709","62.012774","2026-04-25 02:44:10.241000"
"3537","7","4131223.328908","61.96835","2026-04-25 02:44:14.372000"
"3538","7","4135043.001175","62.025645","2026-04-25 02:44:18.507000"
"3539","7","4132585.255305","61.988779","2026-04-25 02:44:22.640000"
"3540","7","4134735.393524","62.021031","2026-04-25 02:44:26.774000"
"3541","7.125","4136078.262329","62.041174","2026-04-25 02:44:30.911000"
"3542","7.125","4139315.875371","62.089738","2026-04-25 02:44:35.050000"
"3543","7.125","4144208.733241","62.163131","2026-04-25 02:44:39.194000"
"3544","7.125","4139508.533478","62.092628","2026-04-25 02:44:43.334000"
"3545","7.125","4130967.998505","61.9645199999999","2026-04-25 02:44:47.465000"
"3546","7.125","4137411.928177","62.061179","2026-04-25 02:44:51.602000"
"3547","7.125","4136756.467819","62.051347","2026-04-25 02:44:55.739000"
"3548","7.125","4136597.665151","62.048965","2026-04-25 02:44:59.875000"
"3549","7.125","4131617.800395","61.974267","2026-04-25 02:45:04.007000"
"3550","7.125","4139296.26147","62.0894439999999","2026-04-25 02:45:08.146000"
"3551","7.125","4131265.862783","61.968988","2026-04-25 02:45:12.277000"
"3552","7.125","4131808.455785","61.977127","2026-04-25 02:45:16.409000"
"3553","7.125","4131726.471583","61.975897","2026-04-25 02:45:20.541000"
"3554","7.125","4136488.072077","62.047321","2026-04-25 02:45:24.677000"
"3555","7.125","4131519.667308","61.972795","2026-04-25 02:45:28.809000"
"3556","7.125","4131621.472041","61.974322","2026-04-25 02:45:32.941000"
"3557","7.125","4133499.860764","62.002498","2026-04-25 02:45:37.074000"
"3558","7.125","4127522.198359","61.912833","2026-04-25 02:45:41.202000"
"3559","7","4138862.212499","62.082933","2026-04-25 02:45:45.341000"
"3560","7.125","4129982.995987","61.9497449999999","2026-04-25 02:45:49.470000"
"3561","8.142857","4765098.846876","61.946285","2026-04-25 02:45:54.236000"
"3562","7.125","4129443.407059","61.941651","2026-04-25 02:45:58.365000"
"3563","7.125","4136913.935343","62.053709","2026-04-25 02:46:02.502000"
"3564","7.125","4129427.655538","61.941415","2026-04-25 02:46:06.631000"
"3565","7.125","4137492.338816","62.062385","2026-04-25 02:46:10.769000"
"3566","7.125","4133490.657806","62.00236","2026-04-25 02:46:14.902000"
"3567","7.125","4130046.065648","61.950691","2026-04-25 02:46:19.032000"
"3568","7.125","4130885.791779","61.963287","2026-04-25 02:46:23.163000"
"3569","7.125","4135167.264938","62.027509","2026-04-25 02:46:27.298000"
"3570","7.125","4131385.199229","61.970778","2026-04-25 02:46:31.430000"
"3571","7.125","4133887.402217","62.008311","2026-04-25 02:46:35.564000"
"3572","7.125","4136071.920395","62.041079","2026-04-25 02:46:39.700000"
"3573","7.125","4140743.796031","62.1111569999999","2026-04-25 02:46:43.841000"
"3574","7.125","4133494.408925","62.002416","2026-04-25 02:46:47.974000"
"3575","7.125","4130119.466782","61.951792","2026-04-25 02:46:52.104000"
"3576","7.125","4136790.132523","62.051852","2026-04-25 02:46:56.241000"
"3577","7.125","4135254.208247","62.028813","2026-04-25 02:47:00.376000"
"3578","7.125","4129935.201009","61.949028","2026-04-25 02:47:04.506000"
"3579","7.125","4130037.005742","61.950555","2026-04-25 02:47:08.636000"
"3580","7.125","4132799.530029","61.991993","2026-04-25 02:47:12.769000"
"3581","7.125","4133529.615402","62.0029439999999","2026-04-25 02:47:16.902000"
"3582","7.125","4130115.477244","61.9517319999999","2026-04-25 02:47:21.033000"
"3583","7.125","4138291.200002","62.074368","2026-04-25 02:47:25.171000"
"3584","7.125","4130078.935623","61.951184","2026-04-25 02:47:29.301000"
"3585","7.125","4133868.455887","62.008027","2026-04-25 02:47:33.435000"
"3586","7.125","4136595.408122","62.048931","2026-04-25 02:47:37.571000"
"3587","8.142857","4764476.170907","61.93819","2026-04-25 02:47:42.336000"
"3588","7.125","4128953.727086","61.934306","2026-04-25 02:47:46.465000"
"3589","8.142857","4772705.8484","62.045176","2026-04-25 02:47:51.238000"
"3590","7.125","4131540.600459","61.973109","2026-04-25 02:47:55.369000"
"3591","7.125","4131550.534566","61.973258","2026-04-25 02:47:59.501000"
"3592","8.142857","4767148.458041","61.97293","2026-04-25 02:48:04.268000"
"3593","7.125","4130737.797419","61.961067","2026-04-25 02:48:08.399000"
"3594","7.125","4136893.399556","62.053401","2026-04-25 02:48:12.535000"
"3595","7.125","4135234.78508","62.028522","2026-04-25 02:48:16.671000"
"3596","7.125","4138703.99793","62.08056","2026-04-25 02:48:20.809000"
"3597","6.875","4129913.536708","61.948703","2026-04-25 02:48:24.939000"
"3598","7.125","4136333.86294","62.045008","2026-04-25 02:48:29.076000"
"3599","7.125","4138613.875707","62.079208","2026-04-25 02:48:33.214000"
"3600","7.125","4138394.943873","62.075924","2026-04-25 02:48:37.353000"
"3601","7.125","4136246.935527","62.043704","2026-04-25 02:48:41.489000"
"3602","7.125","4144211.467107","62.163172","2026-04-25 02:48:45.633000"
"3603","8.142857","4773151.691143","62.050972","2026-04-25 02:48:50.406000"
"3604","7.125","4131766.85969","61.976503","2026-04-25 02:48:54.538000"
"3605","7.125","4131098.14326","61.966472","2026-04-25 02:48:58.669000"
"3606","7.125","4131418.19636","61.971273","2026-04-25 02:49:02.801000"
"3607","8.142857","4764934.319716","61.944146","2026-04-25 02:49:07.565000"
"3608","7.85714299999999","4767031.999735","61.971416","2026-04-25 02:49:12.333000"
"3609","6.875","4129893.732071","61.948406","2026-04-25 02:49:16.462000"
"3610","6.875","4140128.008525","62.1019199999999","2026-04-25 02:49:20.603000"
"3611","6.875","4136487.865448","62.047318","2026-04-25 02:49:24.739000"
"3612","6.875","4129793.993632","61.94691","2026-04-25 02:49:28.869000"
"3613","6.875","4129788.064957","61.9468209999999","2026-04-25 02:49:32.999000"
"3614","7.85714299999999","4768949.857125","61.996348","2026-04-25 02:49:37.768000"
"3615","6.875","4139939.73732","62.099096","2026-04-25 02:49:41.907000"
"3616","6.875","4131480.59845","61.972209","2026-04-25 02:49:46.039000"
"3617","6.875","4131899.277369","61.978489","2026-04-25 02:49:50.171000"
"3618","6.875","4131321.605047","61.969824","2026-04-25 02:49:54.302000"
"3619","6.875","4136351.537704","62.045273","2026-04-25 02:49:58.439000"
"3620","6.875","4139654.334386","62.094815","2026-04-25 02:50:02.578000"
"3621","7.125","4134173.933665","62.012609","2026-04-25 02:50:06.712000"
"3622","7.125","4131078.926722","61.966184","2026-04-25 02:50:10.843000"
"3623","7.125","4135162.274043","62.027434","2026-04-25 02:50:14.979000"
"3624","7.125","4136784.66479","62.05177","2026-04-25 02:50:19.115000"
"3625","8.142857","4765372.478045","61.949842","2026-04-25 02:50:23.881000"
"3626","7.125","4131151.199341","61.967268","2026-04-25 02:50:28.012000"
"3627","7.125","4140297.540029","62.104463","2026-04-25 02:50:32.152000"
"3628","7.125","4129624.271393","61.944364","2026-04-25 02:50:36.282000"
"3629","7.125","4132814.868291","61.992223","2026-04-25 02:50:40.415000"
"3630","7.125","4142569.271723","62.138539","2026-04-25 02:50:44.557000"
"3631","7.125","4134582.471848","62.018737","2026-04-25 02:50:48.692000"
"3632","7.125","4136682.319641","62.050235","2026-04-25 02:50:52.828000"
"3633","7.125","4136795.536677","62.051933","2026-04-25 02:50:56.965000"
"3634","7.125","4134812.053045","62.022181","2026-04-25 02:51:01.100000"
"3635","7.125","4129296.255112","61.939444","2026-04-25 02:51:05.229000"
"3636","7.125","4131906.064351","61.978591","2026-04-25 02:51:09.361000"
"3637","7.125","4140149.672826","62.102245","2026-04-25 02:51:13.501000"
"3638","7.125","4128558.079402","61.928371","2026-04-25 02:51:17.630000"
"3639","7.125","4142016.601562","62.130249","2026-04-25 02:51:21.772000"
"3640","7.125","4139788.262049","62.096824","2026-04-25 02:51:25.912000"
"3641","7.125","4131366.062164","61.970491","2026-04-25 02:51:30.043000"
"3642","7.125","4134740.273158","62.021104","2026-04-25 02:51:34.178000"
"3643","7.125","4130967.664719","61.964515","2026-04-25 02:51:38.309000"
"3644","7.125","4131474.335988","61.972115","2026-04-25 02:51:42.440000"
"3645","7.125","4134924.666087","62.02387","2026-04-25 02:51:46.575000"
"3646","7.125","4137421.925863","62.061329","2026-04-25 02:51:50.713000"
"3647","7.125","4136476.596196","62.047149","2026-04-25 02:51:54.849000"
"3648","7.125","4126509.873072","61.897648","2026-04-25 02:51:58.976000"
"3649","7.125","4138683.0012","62.080245","2026-04-25 02:52:03.114000"
"3650","7.125","4138075.939814","62.071139","2026-04-25 02:52:07.252000"
"3651","7.125","4131465.72113","61.971986","2026-04-25 02:52:11.384000"
"3652","7.125","4130326.000849","61.95489","2026-04-25 02:52:15.514000"
"3653","8.142857","4766955.54073","61.970422","2026-04-25 02:52:20.281000"
"3654","7.125","4129516.458511","61.942747","2026-04-25 02:52:24.411000"
"3655","7.125","4135170.873006","62.027563","2026-04-25 02:52:28.546000"
"3656","7.125","4131267.865499","61.969018","2026-04-25 02:52:32.677000"
"3657","7.125","4129660.860697","61.944913","2026-04-25 02:52:36.807000"
"3658","7.125","4138803.990682","62.08206","2026-04-25 02:52:40.946000"
"3659","7.125","4141338.459651","62.120077","2026-04-25 02:52:45.087000"
"3660","7.125","4145751.476288","62.186272","2026-04-25 02:52:49.233000"
"3661","7.125","4131179.873149","61.967698","2026-04-25 02:52:53.364000"
"3662","8.142857","4773051.005143","62.049663","2026-04-25 02:52:58.137000"
"3663","7.125","4138760.328293","62.081405","2026-04-25 02:53:02.276000"
"3664","7.125","4139238.055547","62.088571","2026-04-25 02:53:06.415000"
"3665","7.125","4134020.328522","62.010305","2026-04-25 02:53:10.549000"
"3666","7.125","4134434.541066","62.016518","2026-04-25 02:53:14.683000"
"3667","7.125","4130625.867844","61.959388","2026-04-25 02:53:18.814000"
"3668","7.125","4133896.525701","62.008448","2026-04-25 02:53:22.948000"
"3669","7.125","4139025.656382","62.085385","2026-04-25 02:53:27.087000"
"3670","7.125","4131266.276042","61.968994","2026-04-25 02:53:31.218000"
"3671","7.125","4131231.069565","61.968466","2026-04-25 02:53:35.349000"
"3672","7.125","4137157.265345","62.057359","2026-04-25 02:53:39.487000"
"3673","7.125","4130966.202418","61.964493","2026-04-25 02:53:43.618000"
"3674","7.125","4133718.729019","62.005781","2026-04-25 02:53:47.751000"
"3675","7.125","4129548.327128","61.943225","2026-04-25 02:53:51.881000"
"3676","7.125","4137730.789185","62.065962","2026-04-25 02:53:56.019000"
"3677","7.125","4135871.537526","62.038073","2026-04-25 02:54:00.154000"
"3678","7.125","4135490.465164","62.032357","2026-04-25 02:54:04.290000"
"3679","7.125","4131528.790792","61.9729319999999","2026-04-25 02:54:08.421000"
"3680","7.125","4131125.545502","61.966883","2026-04-25 02:54:12.553000"
"3681","7.125","4131791.861852","61.976878","2026-04-25 02:54:16.684000"
"3682","7.125","4140247.805913","62.103717","2026-04-25 02:54:20.825000"
"3683","7","4135770.797729","62.036562","2026-04-25 02:54:24.960000"
"3684","7","4131532.605489","61.972989","2026-04-25 02:54:29.092000"
"3685","7","4131261.142095","61.968917","2026-04-25 02:54:33.223000"
"3686","7","4134212.001165","62.01318","2026-04-25 02:54:37.357000"
"3687","7","4137491.210302","62.062368","2026-04-25 02:54:41.495000"
"3688","7.125","4139741.134644","62.096117","2026-04-25 02:54:45.635000"
"3689","7","4144172.795614","62.162592","2026-04-25 02:54:49.779000"
"3690","7","4134854.539235","62.022818","2026-04-25 02:54:53.914000"
"3691","7","4140190.728505","62.102861","2026-04-25 02:54:58.054000"
"3692","7","4133090.06691","61.996351","2026-04-25 02:55:02.187000"
"3693","7","4139947.986603","62.09922","2026-04-25 02:55:06.327000"
"3694","8","4773254.853029","62.052313","2026-04-25 02:55:11.100000"
"3695","7","4140183.925629","62.102759","2026-04-25 02:55:15.240000"
"3696","7","4134043.931961","62.010659","2026-04-25 02:55:19.374000"
"3697","7","4132804.393768","61.992066","2026-04-25 02:55:23.507000"
"3698","7","4140819.072723","62.112286","2026-04-25 02:55:27.648000"
"3699","7","4133845.265706","62.007679","2026-04-25 02:55:31.782000"
"3700","7.125","4129842.34492","61.947635","2026-04-25 02:55:35.912000"
"3701","7.125","4141182.327271","62.117735","2026-04-25 02:55:40.053000"
"3702","6.705882","3878759.756684","62.060156","2026-04-25 02:55:43.932000"
"3703","7.125","4131116.930644","61.966754","2026-04-25 02:55:48.063000"
"3704","7.125","4133452.145259","62.0017819999999","2026-04-25 02:55:52.196000"
"3705","7","4130572.668711","61.95859","2026-04-25 02:55:56.327000"
"3706","7.125","4131082.328161","61.966235","2026-04-25 02:56:00.458000"
"3707","7.125","4136684.862773","62.050273","2026-04-25 02:56:04.595000"
"3708","7.125","4136412.207286","62.046183","2026-04-25 02:56:08.731000"
"3709","7","4140278.73675","62.104181","2026-04-25 02:56:12.871000"
"3710","7","4129719.924927","61.945799","2026-04-25 02:56:17.001000"
"3711","7.125","4135389.407476","62.030841","2026-04-25 02:56:21.136000"
"3712","7.125","4140959.660212","62.114395","2026-04-25 02:56:25.277000"
"3713","7.125","4131673.256556","61.975099","2026-04-25 02:56:29.409000"
"3714","7.125","4139708.280563","62.095624","2026-04-25 02:56:33.549000"
"3715","7.125","4131223.599116","61.968354","2026-04-25 02:56:37.680000"
"3716","7.125","4134674.803416","62.020122","2026-04-25 02:56:41.815000"
"3717","7.125","4148887.999852","62.2333199999999","2026-04-25 02:56:45.963000"
"3718","7.125","4132820.336024","61.992305","2026-04-25 02:56:50.096000"
"3719","7.125","4131262.000402","61.96893","2026-04-25 02:56:54.228000"
"3720","7.125","4137060.070038","62.055901","2026-04-25 02:56:58.365000"
"3721","7.125","4136277.739207","62.044166","2026-04-25 02:57:02.501000"
"3722","7.125","4136532.735825","62.047991","2026-04-25 02:57:06.637000"
"3723","7.125","4131142.12354","61.9671319999999","2026-04-25 02:57:10.769000"
"3724","8.142857","4772933.061306","62.04813","2026-04-25 02:57:15.541000"
"3725","7.125","4141071.52621","62.116073","2026-04-25 02:57:19.683000"
"3726","7.125","4135514.529546","62.032718","2026-04-25 02:57:23.818000"
"3727","7.125","4129409.678777","61.941145","2026-04-25 02:57:27.947000"
"3728","7.125","4140809.869766","62.112148","2026-04-25 02:57:32.088000"
"3729","7.125","4136226.19311","62.043393","2026-04-25 02:57:36.225000"
"3730","7.125","4136457.061768","62.046856","2026-04-25 02:57:40.361000"
"3731","7.125","4130145.057042","61.952176","2026-04-25 02:57:44.491000"
"3732","7.125","4136590.941747","62.048864","2026-04-25 02:57:48.628000"
"3733","7.125","4140331.602097","62.104974","2026-04-25 02:57:52.768000"
"3734","7.125","4136018.339793","62.040275","2026-04-25 02:57:56.904000"
"3735","7.125","4140505.663554","62.107585","2026-04-25 02:58:01.045000"
"3736","7.125","4134899.997711","62.0235","2026-04-25 02:58:05.179000"
"3737","7.125","4136179.335912","62.04269","2026-04-25 02:58:09.316000"
"3738","7.125","4140285.06279","62.104276","2026-04-25 02:58:13.456000"
"3739","7.125","4136489.518483","62.047343","2026-04-25 02:58:17.592000"
"3740","7.125","4129838.864009","61.947583","2026-04-25 02:58:21.722000"
"3741","8.142857","4768562.830411","61.991317","2026-04-25 02:58:26.491000"
"3742","7.125","4131597.741445","61.973966","2026-04-25 02:58:30.622000"
"3743","7.125","4136967.007319","62.054505","2026-04-25 02:58:34.759000"
"3744","7.125","4136148.452759","62.042227","2026-04-25 02:58:38.896000"
"3745","7.125","4129335.339864","61.94003","2026-04-25 02:58:43.025000"
"3746","7.125","4137249.72407","62.058746","2026-04-25 02:58:47.162000"
"3747","7.125","4139446.004232","62.09169","2026-04-25 02:58:51.302000"
"3748","7.125","4131430.46697","61.971457","2026-04-25 02:58:55.433000"
"3749","7.125","4136787.732442","62.051816","2026-04-25 02:58:59.570000"
"3750","7.125","4140811.665853","62.112175","2026-04-25 02:59:03.711000"
"3751","7.125","4131127.262115","61.966909","2026-04-25 02:59:07.842000"
"3752","7.125","4136294.269562","62.044414","2026-04-25 02:59:11.978000"
"3753","7.125","4129715.077082","61.945726","2026-04-25 02:59:16.108000"
"3754","7.125","4134895.261129","62.023429","2026-04-25 02:59:20.243000"
"3755","7.125","4136006.069183","62.040091","2026-04-25 02:59:24.379000"
"3756","7.125","4143497.006098","62.152455","2026-04-25 02:59:28.522000"
"3757","7.125","4139637.390773","62.094561","2026-04-25 02:59:32.662000"
"3758","8.142857","4767222.55119899","61.973893","2026-04-25 02:59:37.429000"
"3759","7.125","4131311.941147","61.969679","2026-04-25 02:59:41.560000"
"3760","7.125","4129761.123657","61.946417","2026-04-25 02:59:45.690000"
"3761","7.125","4137450.059255","62.061751","2026-04-25 02:59:49.828000"
"3762","7.125","4131708.129247","61.975622","2026-04-25 02:59:53.959000"
"3763","6.875","4130921.411514","61.963821","2026-04-25 02:59:58.090000"
"3764","7.125","4131609.741847","61.974146","2026-04-25 03:00:02.222000"
"3765","7.125","4130871.343613","61.96307","2026-04-25 03:00:06.353000"
"3766","6.705882","3873043.179512","61.968691","2026-04-25 03:00:10.226000"
"3767","7.125","4140030.670166","62.10046","2026-04-25 03:00:14.366000"
"3768","6.875","4138975.667953","62.084635","2026-04-25 03:00:18.505000"
"3769","6.875","4136165.730158","62.042486","2026-04-25 03:00:22.641000"
"3770","6.875","4136427.736282","62.046416","2026-04-25 03:00:26.777000"
"3771","6.875","4131172.657013","61.96759","2026-04-25 03:00:30.908000"
"3772","6.875","4133229.732513","61.998446","2026-04-25 03:00:35.042000"
"3773","6.875","4130169.057846","61.952536","2026-04-25 03:00:39.172000"
"3774","6.875","4131478.675207","61.97218","2026-04-25 03:00:43.303000"
"3775","6.875","4137721.87233","62.065828","2026-04-25 03:00:47.441000"
"3776","6.875","4133456.53216","62.001848","2026-04-25 03:00:51.574000"
"3777","6.875","4130991.538366","61.964873","2026-04-25 03:00:55.705000"
"3778","6.875","4130171.855291","61.952578","2026-04-25 03:00:59.836000"
"3779","6.875","4130569.537481","61.958543","2026-04-25 03:01:03.966000"
"3780","6.875","4132951.672872","61.994275","2026-04-25 03:01:08.099000"
"3781","6.875","4136353.333791","62.0453","2026-04-25 03:01:12.236000"
"3782","6.47058799999999","3878105.74472","62.049692","2026-04-25 03:01:16.114000"
"3783","7.125","4131096.728643","61.966451","2026-04-25 03:01:20.245000"
"3784","7.125","4130166.260401","61.952494","2026-04-25 03:01:24.375000"
"3785","7.125","4140295.139949","62.104427","2026-04-25 03:01:28.515000"
"3786","7.125","4136419.407527","62.046291","2026-04-25 03:01:32.652000"
"3787","6.875","4133194.080989","61.997911","2026-04-25 03:01:36.785000"
"3788","7.125","4131128.406525","61.966926","2026-04-25 03:01:40.916000"
"3789","7.125","4131136.94191","61.967054","2026-04-25 03:01:45.047000"
"3790","7.125","4134993.871053","62.024908","2026-04-25 03:01:49.182000"
"3791","7.125","4140249.331792","62.10374","2026-04-25 03:01:53.322000"
"3792","7.125","4131310.192744","61.969653","2026-04-25 03:01:57.454000"
"3793","7.125","4130707.13679","61.960607","2026-04-25 03:02:01.584000"
"3794","7.125","4142876.942952","62.143154","2026-04-25 03:02:05.727000"
"3795","7.125","4140220.99177","62.103315","2026-04-25 03:02:09.867000"
"3796","7.125","4138908.608754","62.083629","2026-04-25 03:02:14.006000"
"3797","7.125","4128760.989507","61.931415","2026-04-25 03:02:18.135000"
"3798","8.142857","4772742.546522","62.045653","2026-04-25 03:02:22.908000"
"3799","7.125","4131132.602692","61.966989","2026-04-25 03:02:27.039000"
"3800","7.125","4138193.734487","62.072906","2026-04-25 03:02:31.177000"
"3801","7.125","4132594.807943","61.988922","2026-04-25 03:02:35.310000"
"3802","7.125","4139633.59197","62.094504","2026-04-25 03:02:39.449000"
"3803","8.142857","4772234.696608","62.039051","2026-04-25 03:02:44.222000"
"3804","7.125","4135782.146454","62.0367319999999","2026-04-25 03:02:48.357000"
"3805","7.125","4143613.735835","62.154206","2026-04-25 03:02:52.501000"
"3806","7.125","4140332.667033","62.10499","2026-04-25 03:02:56.641000"
"3807","7.125","4131606.45167","61.974097","2026-04-25 03:03:00.773000"
"3808","7.125","4136362.997691","62.045445","2026-04-25 03:03:04.909000"
"3809","7.125","4129565.874736","61.943488","2026-04-25 03:03:09.039000"
"3810","8.142857","4769188.770881","61.999454","2026-04-25 03:03:13.808000"
"3811","6.333333","3643232.233384","61.934948","2026-04-25 03:03:17.451000"
"3812","8.142857","4772421.396696","62.041478","2026-04-25 03:03:22.224000"
"3813","7.125","4131236.537298","61.968548","2026-04-25 03:03:26.355000"
"3814","7.125","4131257.136663","61.9688569999999","2026-04-25 03:03:30.486000"
"3815","7.125","4131035.804749","61.965537","2026-04-25 03:03:34.617000"
"3816","7.125","4136882.591248","62.053239","2026-04-25 03:03:38.754000"
"3817","7.125","4139330.005646","62.08995","2026-04-25 03:03:42.893000"
"3818","7.125","4132543.198268","61.988148","2026-04-25 03:03:47.026000"
"3819","7.125","4138843.599955","62.082654","2026-04-25 03:03:51.165000"
"3820","7.125","4140299.145381","62.104487","2026-04-25 03:03:55.305000"
"3821","7.125","4131328.53508","61.969928","2026-04-25 03:03:59.436000"
"3822","7.125","4131433.868408","61.9715079999999","2026-04-25 03:04:03.568000"
"3823","7.125","4132726.00174","61.99089","2026-04-25 03:04:07.701000"
"3824","7.125","4130093.73347","61.951406","2026-04-25 03:04:11.831000"
"3825","7.125","4136320.670446","62.04481","2026-04-25 03:04:15.967000"
"3826","8.142857","4767171.547963","61.97323","2026-04-25 03:04:20.734000"
"3827","7.125","4134393.533071","62.015903","2026-04-25 03:04:24.869000"
"3828","7.125","4136526.457469","62.047897","2026-04-25 03:04:29.005000"
"3829","7.125","4136464.277903","62.046964","2026-04-25 03:04:33.142000"
"3830","7.125","4129740.746816","61.946111","2026-04-25 03:04:37.271000"
"3831","7.125","4129755.735397","61.946336","2026-04-25 03:04:41.401000"
"3832","7.125","4140179.204941","62.102688","2026-04-25 03:04:45.541000"
"3833","7.125","4147564.872106","62.213473","2026-04-25 03:04:49.689000"
"3834","7.125","4129963.270823","61.949449","2026-04-25 03:04:53.819000"
"3835","7.125","4140464.941661","62.106974","2026-04-25 03:04:57.959000"
"3836","7.125","4135450.077057","62.031751","2026-04-25 03:05:02.095000"
"3837","7.125","4137701.670329","62.065525","2026-04-25 03:05:06.232000"
"3838","7","4131164.725622","61.967471","2026-04-25 03:05:10.364000"
"3839","6.705882","3881470.814347","62.103533","2026-04-25 03:05:14.245000"
"3840","7","4139043.871562","62.085658","2026-04-25 03:05:18.384000"
"3841","7","4139867.464701","62.098012","2026-04-25 03:05:22.524000"
"3842","7","4134769.010544","62.021535","2026-04-25 03:05:26.659000"
"3843","7","4142957.401276","62.144361","2026-04-25 03:05:30.802000"
"3844","7","4131999.142965","61.979987","2026-04-25 03:05:34.934000"
"3845","7","4140265.401204","62.103981","2026-04-25 03:05:39.074000"
"3846","7","4136509.927114","62.047649","2026-04-25 03:05:43.210000"
"3847","7","4131143.347422","61.96715","2026-04-25 03:05:47.342000"
"3848","8","4772857.079139","62.047142","2026-04-25 03:05:52.114000"
"3849","7","4136664.199829","62.049963","2026-04-25 03:05:56.251000"
"3850","7","4131176.328659","61.967645","2026-04-25 03:06:00.382000"
"3851","7","4131140.07314","61.967101","2026-04-25 03:06:04.513000"
"3852","7","4131162.7388","61.967441","2026-04-25 03:06:08.645000"
"3853","7","4133388.789495","62.000832","2026-04-25 03:06:12.778000"
"3854","7","4130902.401606","61.963536","2026-04-25 03:06:16.909000"
"3855","7.125","4133508.141836","62.002622","2026-04-25 03:06:21.042000"
"3856","7","4136536.677678","62.04805","2026-04-25 03:06:25.179000"
"3857","7.125","4131254.593531","61.968819","2026-04-25 03:06:29.310000"
"3858","7.125","4135836.601257","62.037549","2026-04-25 03:06:33.446000"
"3859","7","4139147.663116","62.087215","2026-04-25 03:06:37.585000"
"3860","7","4132060.066859","61.980901","2026-04-25 03:06:41.717000"
"3861","7","4140036.392212","62.100546","2026-04-25 03:06:45.857000"
"3862","7.125","4146418.603261","62.196279","2026-04-25 03:06:50.004000"
"3863","7.125","4137257.464727","62.058862","2026-04-25 03:06:54.141000"
"3864","7.125","4136940.526962","62.0541079999999","2026-04-25 03:06:58.278000"
"3865","7.125","4129817.199707","61.947258","2026-04-25 03:07:02.408000"
"3866","8.142857","4772633.84599","62.04424","2026-04-25 03:07:07.180000"
"3867","7.125","4130021.397273","61.950321","2026-04-25 03:07:11.310000"
"3868","7.125","4132689.078649","61.990336","2026-04-25 03:07:15.443000"
"3869","7.125","4131074.603399","61.9661189999999","2026-04-25 03:07:19.574000"
"3870","7.125","4129972.267151","61.949584","2026-04-25 03:07:23.704000"
"3871","7.125","4131447.53774","61.971713","2026-04-25 03:07:27.836000"
"3872","6.705882","3881307.497621","62.10092","2026-04-25 03:07:31.717000"
"3873","7.125","4136354.589462","62.0453189999999","2026-04-25 03:07:35.853000"
"3874","7.125","4136485.735575","62.047286","2026-04-25 03:07:39.990000"
"3875","7.125","4139301.26826","62.089519","2026-04-25 03:07:44.129000"
"3876","7.125","4130628.744761","61.959431","2026-04-25 03:07:48.260000"
"3877","7.125","4131680.520376","61.975208","2026-04-25 03:07:52.391000"
"3878","7.125","4136117.537816","62.041763","2026-04-25 03:07:56.527000"
"3879","7.125","4136394.453049","62.045917","2026-04-25 03:08:00.664000"
"3880","7.125","4130825.20167","61.962378","2026-04-25 03:08:04.795000"
"3881","7.125","4136071.745555","62.041076","2026-04-25 03:08:08.931000"
"3882","7.125","4140208.387375","62.103126","2026-04-25 03:08:13.071000"
"3883","7.125","4140258.32812","62.103875","2026-04-25 03:08:17.211000"
"3884","7.125","4136843.935649","62.052659","2026-04-25 03:08:21.348000"
"3885","7.125","4139151.477814","62.087272","2026-04-25 03:08:25.487000"
"3886","7.125","4130954.345067","61.964315","2026-04-25 03:08:29.618000"
"3887","7.125","4135314.941406","62.029724","2026-04-25 03:08:33.753000"
"3888","7.125","4129979.610443","61.949694","2026-04-25 03:08:37.883000"
"3889","7.125","4135829.130809","62.037437","2026-04-25 03:08:42.019000"
"3890","7.125","4133062.537511","61.995938","2026-04-25 03:08:46.152000"
"3891","7.125","4135599.533717","62.033993","2026-04-25 03:08:50.288000"
"3892","7.125","4135332.26649","62.029984","2026-04-25 03:08:54.423000"
"3893","7.125","4136925.474803","62.053882","2026-04-25 03:08:58.560000"
"3894","7.125","4136042.801539","62.040642","2026-04-25 03:09:02.696000"
"3895","7.125","4131273.921331","61.969109","2026-04-25 03:09:06.828000"
"3896","7.125","4131216.398875","61.9682459999999","2026-04-25 03:09:10.959000"
"3897","7.125","4140599.664052","62.1089949999999","2026-04-25 03:09:15.099000"
"3898","7.125","4130955.457687","61.9643319999999","2026-04-25 03:09:19.230000"
"3899","7.125","4136366.462708","62.045497","2026-04-25 03:09:23.367000"
"3900","7.125","4131851.005554","61.977765","2026-04-25 03:09:27.499000"
"3901","7.125","4136622.20637","62.049333","2026-04-25 03:09:31.635000"
"3902","7.125","4138970.136642","62.084552","2026-04-25 03:09:35.774000"
"3903","7.125","4136705.541611","62.050583","2026-04-25 03:09:39.911000"
"3904","7.125","4136702.187856","62.050533","2026-04-25 03:09:44.048000"
"3905","8.142857","4763992.30957","61.9319","2026-04-25 03:09:48.812000"
"3906","7.125","4132587.989171","61.98882","2026-04-25 03:09:52.944000"
"3907","7.125","4131454.324722","61.971815","2026-04-25 03:09:57.076000"
"3908","7.125","4131384.801865","61.970772","2026-04-25 03:10:01.207000"
"3909","7.125","4135962.470373","62.039437","2026-04-25 03:10:05.343000"
"3910","7.125","4135758.876801","62.036383","2026-04-25 03:10:09.479000"
"3911","7.125","4133411.121368","62.001167","2026-04-25 03:10:13.612000"
"3912","7.125","4130766.264598","61.961494","2026-04-25 03:10:17.743000"
"3913","7.125","4130440.473557","61.956607","2026-04-25 03:10:21.873000"
"3914","7.125","4139569.473267","62.093542","2026-04-25 03:10:26.013000"
"3915","7.125","4131323.52829","61.969853","2026-04-25 03:10:30.144000"
"3916","7.125","4136945.676804","62.054185","2026-04-25 03:10:34.281000"
"3917","7.125","4134084.399541","62.011266","2026-04-25 03:10:38.415000"
"3918","7.125","4137865.336736","62.06798","2026-04-25 03:10:42.553000"
"3919","7.125","4133188.740412","61.997831","2026-04-25 03:10:46.686000"
"3920","7.125","4148999.261856","62.234989","2026-04-25 03:10:50.835000"
"3921","7.125","4130896.663666","61.96345","2026-04-25 03:10:54.966000"
"3922","7.125","4140522.925059","62.1078439999999","2026-04-25 03:10:59.107000"
"3923","7.125","4139001.862208","62.085028","2026-04-25 03:11:03.246000"
"3924","7.125","4136106.602351","62.041599","2026-04-25 03:11:07.382000"
"3925","7.125","4140745.608012","62.111184","2026-04-25 03:11:11.523000"
"3926","7.125","4130772.590637","61.961589","2026-04-25 03:11:15.653000"
"3927","7.125","4131761.995951","61.97643","2026-04-25 03:11:19.785000"
"3928","7.125","4132602.198919","61.989033","2026-04-25 03:11:23.918000"
"3929","7.125","4131266.132991","61.968992","2026-04-25 03:11:28.049000"
"3930","7.125","4138973.124822","62.084597","2026-04-25 03:11:32.188000"
"3931","7.125","4137352.069219","62.060281","2026-04-25 03:11:36.325000"
"3932","7.125","4131738.201777","61.976073","2026-04-25 03:11:40.457000"
"3933","7.125","4128623.135885","61.929347","2026-04-25 03:11:44.586000"
"3934","8.142857","4767992.148033","61.983898","2026-04-25 03:11:49.354000"
"3935","7.125","4134412.336349","62.016185","2026-04-25 03:11:53.488000"
"3936","7.125","4133795.674642","62.006935","2026-04-25 03:11:57.622000"
"3937","7.125","4134833.749135","62.022506","2026-04-25 03:12:01.757000"
"3938","8.142857","4766955.925868","61.970427","2026-04-25 03:12:06.524000"
"3939","7.125","4137158.39386","62.057376","2026-04-25 03:12:10.661000"
"3940","7.125","4128190.994263","61.922865","2026-04-25 03:12:14.789000"
"3941","7.125","4140110.143026","62.101652","2026-04-25 03:12:18.929000"
"3942","7.125","4131402.206421","61.971033","2026-04-25 03:12:23.060000"
"3943","7.125","4129524.993896","61.942875","2026-04-25 03:12:27.190000"
"3944","7.125","4138698.800405","62.080482","2026-04-25 03:12:31.329000"
"3945","7.125","4132297.452291","61.984462","2026-04-25 03:12:35.461000"
"3946","7.125","4133286.460241","61.999297","2026-04-25 03:12:39.594000"
"3947","7.125","4127346.070608","61.910191","2026-04-25 03:12:43.722000"
"3948","7.125","4132277.07545","61.984156","2026-04-25 03:12:47.854000"
"3949","7.125","4131616.608302","61.974249","2026-04-25 03:12:51.986000"
"3950","7.125","4130698.347092","61.960475","2026-04-25 03:12:56.116000"
"3951","7.125","4136341.85791","62.045128","2026-04-25 03:13:00.253000"
"3952","7.125","4131289.545695","61.969343","2026-04-25 03:13:04.384000"
"3953","6.875","4130765.99439","61.96149","2026-04-25 03:13:08.515000"
"3954","7.125","4130021.794637","61.950327","2026-04-25 03:13:12.645000"
"3955","7.125","4139437.675476","62.091565","2026-04-25 03:13:16.784000"
"3956","6.875","4134963.401159","62.024451","2026-04-25 03:13:20.919000"
"3957","7.125","4138852.866491","62.082793","2026-04-25 03:13:25.058000"
"3958","7.125","4134520.00618","62.0178","2026-04-25 03:13:29.192000"
"3959","6.875","4139105.860392","62.086588","2026-04-25 03:13:33.332000"
"3960","7.125","4131001.933416","61.965029","2026-04-25 03:13:37.463000"
"3961","6.875","4136296.860377","62.044453","2026-04-25 03:13:41.599000"
"3962","6.875","4136415.402095","62.046231","2026-04-25 03:13:45.735000"
"3963","6.875","4136469.332377","62.04704","2026-04-25 03:13:49.872000"
"3964","6.875","4139919.805527","62.098797","2026-04-25 03:13:54.012000"
"3965","6.875","4138627.926509","62.079419","2026-04-25 03:13:58.150000"
"3966","6.875","4140504.12178","62.107562","2026-04-25 03:14:02.291000"
"3967","7.125","4131069.072088","61.966036","2026-04-25 03:14:06.422000"
"3968","6.875","4139103.873571","62.086558","2026-04-25 03:14:10.561000"
"3969","6.875","4128428.586324","61.926429","2026-04-25 03:14:14.689000"
"3970","6.875","4140294.472377","62.104417","2026-04-25 03:14:18.830000"
"3971","6.875","4140575.726827","62.108636","2026-04-25 03:14:22.970000"
"3972","6.875","4129501.867294","61.942528","2026-04-25 03:14:27.100000"
"3973","6.875","4140459.140142","62.106887","2026-04-25 03:14:31.240000"
"3974","6.875","4132082.128525","61.9812319999999","2026-04-25 03:14:35.372000"
"3975","6.875","4138785.600662","62.081784","2026-04-25 03:14:39.511000"
"3976","6.875","4131681.521734","61.975223","2026-04-25 03:14:43.643000"
"3977","6.875","4136064.259211","62.040964","2026-04-25 03:14:47.779000"
"3978","6.875","4137353.054682","62.060296","2026-04-25 03:14:51.916000"
"3979","6.875","4131482.521693","61.972238","2026-04-25 03:14:56.048000"
"3980","6.875","4131221.532822","61.968323","2026-04-25 03:15:00.179000"
"3981","6.875","4133950.599035","62.009259","2026-04-25 03:15:04.313000"
"3982","6.875","4137823.677063","62.067355","2026-04-25 03:15:08.451000"
"3983","6.875","4131298.144658","61.969472","2026-04-25 03:15:12.582000"
"3984","6.875","4138542.064031","62.078131","2026-04-25 03:15:16.720000"
"3985","6.875","4133381.334941","62.00072","2026-04-25 03:15:20.854000"
"3986","8.142857","4768436.303506","61.989672","2026-04-25 03:15:25.622000"
"3987","6.875","4134332.529704","62.014988","2026-04-25 03:15:29.757000"
"3988","6.875","4131095.727285","61.966436","2026-04-25 03:15:33.888000"
"3989","7.333333","4435831.717082","62.1016439999999","2026-04-25 03:15:38.324000"
"3990","6.875","4129575.395584","61.943631","2026-04-25 03:15:42.453000"
"3991","6.875","4137881.660461","62.068225","2026-04-25 03:15:46.591000"
"3992","6.875","4129485.670726","61.942285","2026-04-25 03:15:50.720000"
"3993","6.875","4135030.603409","62.025459","2026-04-25 03:15:54.856000"
"3994","6.875","4132623.13207","61.989347","2026-04-25 03:15:58.988000"
"3995","6.47058799999999","3873272.180557","61.972355","2026-04-25 03:16:02.861000"
"3996","6.47058799999999","3873314.69357","61.973035","2026-04-25 03:16:06.735000"
"3997","6.875","4140218.941371","62.103284","2026-04-25 03:16:10.875000"
"3998","6.875","4134157.594045","62.012364","2026-04-25 03:16:15.009000"
"3999","6.875","4135755.666097","62.036335","2026-04-25 03:16:19.145000"
"4000","6.875","4137072.340647","62.056085","2026-04-25 03:16:23.282000"
"4001","6.875","4128659.009933","61.929885","2026-04-25 03:16:27.411000"
"4002","6.875","4137621.943156","62.064329","2026-04-25 03:16:31.548000"
"4003","6.875","4131111.129125","61.966667","2026-04-25 03:16:35.679000"
"4004","6.875","4144472.281138","62.167084","2026-04-25 03:16:39.824000"
"4005","6.875","4142701.133092","62.140517","2026-04-25 03:16:43.966000"
"4006","6.875","4138504.40979","62.077566","2026-04-25 03:16:48.105000"
"4007","6.875","4140716.997782","62.110755","2026-04-25 03:16:52.246000"
"4008","6.875","4136837.800344","62.052567","2026-04-25 03:16:56.383000"
"4009","6.875","4140196.800232","62.102952","2026-04-25 03:17:00.523000"
"4010","6.875","4134828.535716","62.022428","2026-04-25 03:17:04.658000"
"4011","6.875","4131427.733103","61.971416","2026-04-25 03:17:08.789000"
"4012","6.875","4130972.464879","61.964587","2026-04-25 03:17:12.920000"
"4013","6.875","4137586.053212","62.063791","2026-04-25 03:17:17.058000"
"4014","6.875","4135910.463333","62.0386569999999","2026-04-25 03:17:21.193000"
"4015","7.85714299999999","4765362.372765","61.949711","2026-04-25 03:17:25.959000"
"4016","6.875","4131051.127116","61.965767","2026-04-25 03:17:30.090000"
"4017","6.875","4131077.734629","61.966166","2026-04-25 03:17:34.221000"
"4018","6.875","4131564.474106","61.973467","2026-04-25 03:17:38.353000"
"4019","6.875","4139528.131485","62.092922","2026-04-25 03:17:42.492000"
"4020","6.875","4133047.056198","61.995706","2026-04-25 03:17:46.625000"
"4021","6.875","4138673.941294","62.080109","2026-04-25 03:17:50.764000"
"4022","6.875","4136555.465062","62.048332","2026-04-25 03:17:54.900000"
"4023","6.875","4134992.138545","62.024882","2026-04-25 03:17:59.035000"
"4024","6.875","4131047.391891","61.965711","2026-04-25 03:18:03.166000"
"4025","7.125","4128962.659836","61.93444","2026-04-25 03:18:07.295000"
"4026","6.875","4136503.187815","62.047548","2026-04-25 03:18:11.432000"
"4027","6.875","4130915.80073","61.963737","2026-04-25 03:18:15.563000"
"4028","7.125","4129893.334707","61.9484","2026-04-25 03:18:19.693000"
"4029","8.142857","4766722.917557","61.967398","2026-04-25 03:18:24.459000"
"4030","7.125","4139068.126678","62.086022","2026-04-25 03:18:28.598000"
"4031","7.125","4139925.336838","62.09888","2026-04-25 03:18:32.738000"
"4032","7.125","4143821.080526","62.157316","2026-04-25 03:18:36.882000"
"4033","7.125","4143446.397781","62.151696","2026-04-25 03:18:41.026000"
"4034","7.125","4140694.189072","62.110413","2026-04-25 03:18:45.166000"
"4035","7.125","4139840.062459","62.097601","2026-04-25 03:18:49.306000"
"4036","7.125","4133304.738998","61.999571","2026-04-25 03:18:53.439000"
"4037","7.125","4130654.795965","61.959822","2026-04-25 03:18:57.570000"
"4038","7.125","4131580.988566","61.973715","2026-04-25 03:19:01.702000"
"4039","7.125","4136280.934016","62.044214","2026-04-25 03:19:05.838000"
"4040","7.125","4136085.271835","62.041279","2026-04-25 03:19:09.974000"
"4041","7.125","4129559.59638","61.943394","2026-04-25 03:19:14.104000"
"4042","6.875","4130941.613515","61.964124","2026-04-25 03:19:18.235000"
"4043","7.125","4130750.608444","61.961259","2026-04-25 03:19:22.365000"
"4044","8.142857","4772656.697493","62.044537","2026-04-25 03:19:27.138000"
"4045","7.125","4134862.279892","62.022934","2026-04-25 03:19:31.273000"
"4046","7.125","4137710.666656","62.06566","2026-04-25 03:19:35.411000"
"4047","7.125","4131539.471944","61.973092","2026-04-25 03:19:39.542000"
"4048","7.125","4134435.319901","62.01653","2026-04-25 03:19:43.677000"
"4049","7.125","4140113.004049","62.1016949999999","2026-04-25 03:19:47.817000"
"4050","7.125","4131043.73614","61.965656","2026-04-25 03:19:51.948000"
"4051","7.125","4131951.204936","61.979268","2026-04-25 03:19:56.080000"
"4052","7.125","4136364.348729","62.045465","2026-04-25 03:20:00.216000"
"4053","8.142857","4778990.617165","62.126878","2026-04-25 03:20:04.995000"
"4054","7.125","4136157.464981","62.042362","2026-04-25 03:20:09.131000"
"4055","7.125","4129645.188649","61.944678","2026-04-25 03:20:13.261000"
"4056","7.125","4129700.787862","61.945512","2026-04-25 03:20:17.390000"
"4057","7.125","4131079.260508","61.966189","2026-04-25 03:20:21.522000"
"4058","7.125","4136362.727483","62.045441","2026-04-25 03:20:25.658000"
"4059","7.125","4131122.461955","61.966837","2026-04-25 03:20:29.789000"
"4060","7.125","4130999.279022","61.964989","2026-04-25 03:20:33.920000"
"4061","7.125","4132102.076213","61.981531","2026-04-25 03:20:38.052000"
"4062","7.125","4138501.278559","62.077519","2026-04-25 03:20:42.191000"
"4063","7.125","4143130.922318","62.146964","2026-04-25 03:20:46.334000"
"4064","7.125","4128174.1937","61.922613","2026-04-25 03:20:50.462000"
"4065","7.125","4132459.131877","61.986887","2026-04-25 03:20:54.594000"
"4066","7.125","4133061.66331","61.995925","2026-04-25 03:20:58.727000"
"4067","7.125","4131027.189891","61.965408","2026-04-25 03:21:02.859000"
"4068","7.125","4130988.057454","61.9648209999999","2026-04-25 03:21:06.990000"
"4069","7.125","4130048.274994","61.950724","2026-04-25 03:21:11.120000"
"4070","7.125","4130894.867579","61.963423","2026-04-25 03:21:15.250000"
"4071","7.125","4136327.266693","62.044909","2026-04-25 03:21:19.387000"
"4072","7.125","4136498.069763","62.047471","2026-04-25 03:21:23.523000"
"4073","7.125","4136687.596639","62.050314","2026-04-25 03:21:27.660000"
"4074","6.705882","3877780.437469","62.044487","2026-04-25 03:21:31.538000"
"4075","7.125","4136266.326904","62.043995","2026-04-25 03:21:35.674000"
"4076","6.705882","3871457.502246","61.9433199999999","2026-04-25 03:21:39.545000"
"4077","7.125","4130952.40593","61.964286","2026-04-25 03:21:43.676000"
"4078","7.125","4130963.134766","61.964447","2026-04-25 03:21:47.807000"
"4079","7.125","4129810.60346","61.947159","2026-04-25 03:21:51.937000"
"4080","7.125","4131158.606211","61.967379","2026-04-25 03:21:56.068000"
"4081","7.125","4129572.121302","61.9435819999999","2026-04-25 03:22:00.198000"
"4082","7.125","4131131.537755","61.966973","2026-04-25 03:22:04.329000"
"4083","7.125","4131404.527028","61.971068","2026-04-25 03:22:08.460000"
"4084","7.125","4129280.789693","61.939212","2026-04-25 03:22:12.590000"
"4085","7.125","4136567.401886","62.048511","2026-04-25 03:22:16.726000"
"4086","8.142857","4770701.68348499","62.019122","2026-04-25 03:22:21.497000"
"4087","7.125","4130726.464589","61.960897","2026-04-25 03:22:25.628000"
"4088","7.125","4129004.46256","61.935067","2026-04-25 03:22:29.757000"
"4089","7.125","4136562.395096","62.048436","2026-04-25 03:22:33.893000"
"4090","7.125","4138282.601039","62.074239","2026-04-25 03:22:38.032000"
"4091","7.125","4143126.074473","62.146891","2026-04-25 03:22:42.175000"
"4092","7.125","4136169.862747","62.042548","2026-04-25 03:22:46.311000"
"4093","7.125","4139354.674021","62.09032","2026-04-25 03:22:50.450000"
"4094","7.125","4134776.528676","62.021648","2026-04-25 03:22:54.585000"
"4095","8.142857","4774861.225715","62.073196","2026-04-25 03:22:59.360000"
"4096","7.125","4138080.660502","62.07121","2026-04-25 03:23:03.498000"
"4097","7.125","4140310.796102","62.104662","2026-04-25 03:23:07.638000"
"4098","7.125","4131023.454666","61.965352","2026-04-25 03:23:11.769000"
"4099","7.125","4131446.393331","61.971696","2026-04-25 03:23:15.901000"
"4100","7.125","4140169.461568","62.102542","2026-04-25 03:23:20.041000"
"4101","7.125","4136291.678747","62.044375","2026-04-25 03:23:24.177000"
"4102","7.125","4138986.730576","62.084801","2026-04-25 03:23:28.316000"
"4103","7.125","4130440.123876","61.956602","2026-04-25 03:23:32.447000"
"4104","7.125","4142146.794001","62.132202","2026-04-25 03:23:36.589000"
"4105","7.125","4129476.531347","61.942148","2026-04-25 03:23:40.718000"
"4106","7.125","4129461.00235","61.941915","2026-04-25 03:23:44.848000"
"4107","7.125","4131319.459279","61.969792","2026-04-25 03:23:48.979000"
"4108","7.125","4136239.19487","62.043588","2026-04-25 03:23:53.115000"
"4109","7.125","4129506.603877","61.942599","2026-04-25 03:23:57.245000"
"4110","7.125","4131593.27507","61.973899","2026-04-25 03:24:01.376000"
"4111","7.125","4141321.198146","62.119818","2026-04-25 03:24:05.518000"
"4112","8.142857","4770010.141226","62.0101319999999","2026-04-25 03:24:10.288000"
"4113","6.333333","3648179.110359","62.019045","2026-04-25 03:24:13.936000"
"4114","7.125","4131159.528097","61.967393","2026-04-25 03:24:18.067000"
"4115","7.125","4131012.741725","61.965191","2026-04-25 03:24:22.198000"
"4116","7.125","4136350.599925","62.045259","2026-04-25 03:24:26.334000"
"4117","7.125","4131111.462911","61.966672","2026-04-25 03:24:30.466000"
"4118","7.125","4136375.331879","62.04563","2026-04-25 03:24:34.602000"
"4119","7.125","4131116.994222","61.966755","2026-04-25 03:24:38.733000"
"4120","7.125","4135977.665583","62.039665","2026-04-25 03:24:42.869000"
"4121","7.125","4146597.194672","62.198958","2026-04-25 03:24:47.016000"
"4122","7.125","4137024.33904","62.055365","2026-04-25 03:24:51.153000"
"4123","7.125","4138906.19278","62.083593","2026-04-25 03:24:55.292000"
"4124","7.125","4142155.392965","62.132331","2026-04-25 03:24:59.434000"
"4125","7.125","4130858.119329","61.962872","2026-04-25 03:25:03.565000"
"4126","7.125","4125979.328156","61.88969","2026-04-25 03:25:07.691000"
"4127","7.125","4132920.996348","61.993815","2026-04-25 03:25:11.823000"
"4128","7.125","4136371.326447","62.04557","2026-04-25 03:25:15.960000"
"4129","7.125","4135986.534754","62.039798","2026-04-25 03:25:20.096000"
"4130","7.6","148294.499942","2.076123","2026-04-25 03:25:20.244000"
"4131","7.125","4136338.790258","62.045082","2026-04-25 03:25:24.380000"
